cookie_id,score
ck_315fb710a0e371e7,0.0005801730710091525
ck_a76ee3b3e3e522fd,0.08254061199073642
ck_94c9a4d382689e82,0.01307452758315254
ck_8eaf9509ad9462a0,0.0009008392171267069
ck_9a88a5a989cb5bc6,0.01721094119431917
ck_15239ef0689c1a35,0.01900655379188865
ck_8de69cd219d3b87f,0.1257650422338354
ck_f92cd37022b0ce21,0.025913941908715588
ck_1a3ff7620580a514,0.012739351762492234
ck_397c03aa33a57310,0.14186286223329853
ck_a7cf6c3b322f6b7a,0.0038336454995408415
ck_c39a9e75760e3201,0.009632390022880253
ck_88ab6d245228c38e,0.0012258618846016254
ck_17733f75ebdea93e,0.0050934283206591265
ck_58eb871e8d7bed52,0.11874996083275169
ck_e55b7fa67db1ec27,0.0007327429660460921
ck_62f5cfe22c952694,0.0009485033456809504
ck_7fbb709a0fe95759,0.003338158962150996
ck_87abe9cd066a20fb,0.03494903415531606
ck_d58e058b5c553dd5,0.02595724405860223
ck_d27b872648b71202,0.0023179940103486164
ck_4b4a3c5b95c55b43,0.002342355288136122
ck_66dd4f4b4127256d,0.0007484615629782288
ck_93cc12703b500613,0.057748523491463546
ck_d28806a2179092eb,0.9964525829894731
ck_0595c2a0c7881e05,0.01665884915765286
ck_50087d8666191144,0.08652804139533231
ck_b08b3f089138c901,0.012293613624606793
ck_fe3b67041dad2dd1,0.0024933731608779734
ck_8449a28f7d475d93,0.04260042647707344
ck_8642e3b6d84f49d3,0.02465496850332902
ck_e49b5e4f2f2e79db,0.24809304303749516
ck_437afe412ea4259c,0.030660775202870073
ck_569b83668d74042d,0.9691506464273214
ck_233a487d31c3e631,0.9670923630848852
ck_1fca72e03143a645,0.8304474428087025
ck_79205e31223df2ad,0.028560539456198776
ck_9625a64406ea16e3,0.00561767974655
ck_079bd18dacb704a8,0.033557386195915764
ck_4db6d4fd2b49aa81,0.017118539466335434
ck_0dbefdac0a1868fb,0.0021489462864943696
ck_24ff97ad90bdd69a,0.03970955211850727
ck_77f8c5042065d506,0.01311925291760257
ck_f11be8ce05382cec,0.001854982767486612
ck_c9d72140b0389216,0.018850700693480705
ck_69eda24e931fb36a,0.001088380640017586
ck_ed471e496916ee15,0.0024447508993565405
ck_ff090498c4b17ac3,0.004417041854052413
ck_c3c19d6a0720915c,0.0014192087435721166
ck_af02e1817cfa40b5,0.005018390696059327
ck_2df5a9fc87553eb1,0.005772804454040392
ck_4ac918e884cff336,0.12005871956371919
ck_ca149244b54ef3ad,0.00038504237831908455
ck_6babe5b8674ff51f,0.008734445509076753
ck_1573878386886290,0.009776136962934409
ck_3925f8565abb7fe4,0.005200006638209438
ck_c4de808ae69c771f,0.0007396746761601414
ck_a777c813551281fe,0.003549310928276997
ck_df4424f6dd85080d,0.15926034730936356
ck_85e5494ec20383ae,0.02948748667260144
ck_f71a4094e889c3af,0.003199240242420961
ck_f2f3cf9cd23b2809,0.05650140236691881
ck_18e2076397bcc211,0.022528846143718025
ck_c9f9fddef39bc664,0.036315492099552475
ck_7e826e233d6ea028,0.004256489675450715
ck_62fd7eb46bee9210,0.010425416451995871
ck_206f8e3cd72768f3,0.041805562496924964
ck_aa295a11b0a6ab36,0.0049568995856168535
ck_9a56739d81f84a53,0.005042943414856646
ck_aa075c418ed9fe5a,0.0030800023047166717
ck_62b9fb3db284941b,0.014870528634767231
ck_f4f83b1403ebea46,0.008753136705423608
ck_16b66bd803288bc3,0.5220287458919394
ck_c4ca1434f3778f1d,0.9721987161807732
ck_1b823610371a29c0,0.029643397226563988
ck_c2bd5a722aa637d9,0.0028033739907442484
ck_7890208951df34f0,0.03794628251225517
ck_020eb0e454524ecd,0.0026264560401093157
ck_3b66196ccf436c35,0.0035490156075277273
ck_109fc467ec0a4af5,0.0930155331951881
ck_f3dcd818db92de7b,0.04018722521095131
ck_31e7742f160980ef,0.028950067199062048
ck_77fce5f86f00b8f4,0.2911588471191976
ck_46bc797b4d07d607,0.0035202041805146205
ck_37899b1b571b1c6b,0.013632092943229462
ck_ef8a6af43fedd464,0.003420289616176285
ck_bcc8519fe8521038,0.037324356187297195
ck_90696b7182dd9129,0.010851385905002809
ck_4a24ad61d017e1ba,0.051121913660944096
ck_0acc3d8c67218b9d,0.009190029134073567
ck_05c97fc9de11aba6,0.2553191786321257
ck_f8ac3a0500c0ec62,0.004552662470506956
ck_617b65141f546a1c,0.0167500487391589
ck_9d00823bf60388d7,0.1675432033190729
ck_123c15d93f1840f2,0.06490844640188509
ck_573feefba6bf78bb,0.15802806898378305
ck_b25657bd16739036,0.008332556346348257
ck_bd26d2bef14a8597,0.01813775750505819
ck_a553418f2fba1440,0.008082841059433351
ck_89f3e380b0686963,0.0020175763418132705
ck_b359192aa659bdce,0.07345349467366584
ck_02241f3dc301bebf,0.018684052673489694
ck_5ccc1a1c78cb33ee,0.11318466525415387
ck_349cc5edda1b8853,0.018122668446450965
ck_e9f228845bf6e28b,0.024611317585820504
ck_0a45d033d4e280ea,0.2519095083790134
ck_7e63168dda612235,0.0035163465471837897
ck_676fa5f6aae5475b,0.004061254340560188
ck_74b502b20690ccfe,0.005344913985799569
ck_073509af21dd7f5f,0.7789309161647915
ck_498a0acd450944d8,0.0029965437102663747
ck_7f15b50b29dead01,0.01322273011758252
ck_8089fe7403c5f537,0.023060826763167504
ck_05b2b04e11d9ae9c,0.01958305977528312
ck_31e70f2f04b48b88,0.0013088153856097456
ck_994316fa5a02b319,0.0027062449350004803
ck_b76510998b9a2260,0.033807635532280354
ck_4db95c310e105d30,0.003151837205872957
ck_6f730b77dc6cdb84,0.013056932575450856
ck_2493ee8e7b91d304,0.02445202782520106
ck_92d679d6ac7dcdcb,0.11882345835906437
ck_3a0e0200cbb185cb,0.00868854237825192
ck_0b2eeb4e00ff7955,0.02533990770246338
ck_9843d0e61c37ebe8,0.9898202811295546
ck_e61c8721e3ef1921,0.006371929843786041
ck_2e0eedaaf2980c2c,0.006240375266053047
ck_9036b2e5e9298a34,0.00383321997092843
ck_3265442528d51728,0.05407810647192678
ck_f2ddae2eb1cb29b4,0.002920708191643171
ck_6cfa71d27fc27f92,0.04920808444169092
ck_f3199fbe84a28b9a,0.07498470062212799
ck_b78d785ca3ef773a,0.014865321862583374
ck_374865697f1480eb,0.013800290987294168
ck_06d0e4a9189302a9,0.02803977533602104
ck_9c9884b9bcaa552e,0.05902338533307099
ck_fd4cf578e87703ff,0.05162696697704885
ck_1917ef3e6e345549,0.06634069675252559
ck_e70418b00cbbbac9,0.08597826633237385
ck_a60388296a47062c,0.10562783042975359
ck_d598fe8d2c779ab9,0.01657170697931916
ck_646dc03de4c31803,0.8962933566703608
ck_e4fd8cbd842b6993,0.00043856285685365555
ck_2225b555aa2a42ed,0.07810660246741377
ck_6be8ae9d78148882,0.02108835254684353
ck_4199342d3aca74e8,0.06671685483561637
ck_779581adb573261f,0.015336479943771792
ck_bb303568b6915205,0.09717908990118845
ck_17c4296276448afe,0.0029793196687683825
ck_a60a61ac829252a0,0.017895168764391556
ck_6ea70950c1cae00b,0.9675059260670781
ck_1abb93f6924645e1,0.027475304320968546
ck_faab769cce19879a,0.03102872408673188
ck_d5b8e74e7ca6355a,0.016404863306837332
ck_f11f7691af16ad07,0.00127040865429011
ck_188fdf2be7c92e9d,0.9943640456782695
ck_4a103f8254b366f7,0.0028561017281009144
ck_bfa17a0b1760e616,0.00044950869956104873
ck_a4d7f6a5869d440a,0.8772399868402937
ck_58e20f5a3e7f11b8,0.6633706248219349
ck_4becdd3d2696c7ba,0.007389491311168126
ck_dad5cf32ab9f243f,0.002832238491128746
ck_7d9f73dc7c4f90c3,0.06394326074087243
ck_c19371047a2d011d,0.0009459787331404731
ck_247589ff532f7aa8,0.0023565466307776052
ck_7a9f241d5f082567,0.003186533824287468
ck_0a2b7078736b4dda,0.001322430477867822
ck_687b412e2aac7eb6,0.012097846220205297
ck_fce0b6855886a0b8,0.021785760757382068
ck_e291cc60920456d0,0.09192630208257421
ck_04219a7ea798db51,0.013475868170660467
ck_286bfd719836e9f3,0.14510439040493212
ck_55efc92394fee232,0.01185060913616328
ck_e36c8da1bd359960,0.06676341529912175
ck_34b0988a97d96902,0.011254921600594095
ck_e0fb11fc9dcb34e6,0.002224496693246782
ck_bcc9cbc9ed8b7c31,0.013780918358426437
ck_3df8da6f60a89a5b,0.021369749477699373
ck_b1495ee5c59a6b28,0.027174856092945503
ck_58f4c3ac61fda129,0.12186520051840329
ck_735f244b99e3aa8d,0.010387892558780289
ck_6b93bd8abf87b1d6,0.9652511670728366
ck_12107dacc6d05bd1,0.0008661826061490652
ck_f96db2a1f3448d1f,0.020502394194061416
ck_8fd91a3c99e19097,0.017173326500885166
ck_910205d25388a0ae,0.0014991856217643575
ck_d229dfa0e4442628,0.0018001305974857697
ck_7cdec61e1c488798,0.028470909080593583
ck_f66f06e24ff32671,0.03946921556841256
ck_350bf14e90b503f5,0.01832010732904465
ck_61fff5fdaadd394b,0.011051569185328089
ck_e934f984bad2ff91,0.38821566967947374
ck_ff6a6d3547dd2d37,0.04231023257831384
ck_65ad9b15979e3247,0.0071178704896425315
ck_bbe1a2ea5a403ad8,0.6945966740777053
ck_6f3a28eecd2c4031,0.019082468226075684
ck_a89b66665714058f,0.009175598535570855
ck_918c92182b6817cd,0.020333236660336398
ck_64f5eb4be9e7b8fa,0.34908961042048753
ck_d021fd497ea35fb2,0.029877027401057066
ck_004de16f7d8a42ae,0.01869850843876701
ck_a33d2325f86ab12d,0.004132156066345849
ck_89790ff26c844bc6,0.007285266253942233
ck_e6e7257377c37b28,0.09450325266794456
ck_a2cc3910a641a808,0.7095513597360875
ck_646e270e0195bf05,0.009573223480766023
ck_baba5d66def0d770,0.07281012678276803
ck_67cdcdda3033842d,0.01172358925565472
ck_b5c3075c811a2216,0.027776061100119556
ck_515379973a8044b8,0.004684388066237846
ck_c0ce85fb4109567d,0.06840814369828511
ck_fef850553862aaca,0.005718300486756108
ck_55d7217b0aff9fa2,0.004326500463289547
ck_8e139f8925ef7968,0.0029827825193662677
ck_9e35b908fca1e4d7,0.0028225348140498933
ck_59735f4ab2ad3da5,0.012769991591038086
ck_dc569c1167ccec0d,0.3685123702332368
ck_1dade5592f90a15c,0.03030787604425879
ck_793048d11fb8b328,0.15543222194279813
ck_545b71eb4fa594b5,0.002444902274257844
ck_bd30853e9a57b544,0.04517517072029213
ck_59f46321ecf6d306,0.02013874616839509
ck_260cfe9141d249f1,0.04092855361030446
ck_3365a0ad1a8aa83c,0.015364468776115721
ck_b0ef193195a2138b,0.05068711269898763
ck_0f909705e2e60f2f,0.002650152414761342
ck_5a540b75c866166a,0.022859071376103563
ck_87c26b2f41025109,0.9973010931626481
ck_27acc9f320cda104,0.1595921948509229
ck_a27bc31eecd9cb9a,0.060987110219574835
ck_115d86fabde77b65,0.002017785624798152
ck_eeca179341d56f8a,0.5699429280649602
ck_8e5999c436cf037e,0.0005310570381765978
ck_510e7c5df1f95d90,0.9927167393010937
ck_f1acf73363925958,0.008681068042147487
ck_3c177f5970b68bd3,0.013305892657473522
ck_9cdfaa1c30cc9d32,0.0018690116602602751
ck_c8efa1538b37c359,0.00628256423033385
ck_a8a2e296f9804bd7,0.008059157887900906
ck_91a0ca45f429568d,0.03248575234823479
ck_5fdf8a0bdbd3ed62,0.028799072745673882
ck_0f4e2ec66d50da5f,0.0015123314589911736
ck_28c53b214b2ee882,0.14335682200527256
ck_003148504557f720,0.21177335324969654
ck_01d840cffb870615,0.19969536106167196
ck_555848d51f4b5f35,0.008808429578405996
ck_df20cc23b8fb8e22,0.03580172254569861
ck_f9604adde929beff,0.007936773745051251
ck_d66952b03591bdec,0.011785542763803319
ck_ddcac1ab765ff61a,0.015079066763034476
ck_347386629d96c664,0.032305492014315706
ck_ab01db9117acfe3d,0.014747856068608269
ck_58e5359efc52e0ad,0.005757428835138583
ck_1a524b5cc8da71b3,0.07556976395474554
ck_e9287b6d909d731f,0.0037831778451483827
ck_bb41a66e3d90263b,0.05811419193912248
ck_e95c8cc1864bd584,0.003593185475281784
ck_7a3f2961e9a8b6dc,0.008111337524548748
ck_378a9df82b1e0bee,0.5260859191675366
ck_42633573639a3f02,0.42312079931684227
ck_2a5a4c18c2c7274b,0.016656284648732284
ck_77549c1a41f837c3,0.012842744738878196
ck_a26704b5b26258b7,0.01971367758606894
ck_9874ad160efddf50,0.01387368939144596
ck_9111e3a04b14dfba,0.07021262454259035
ck_651e076ee43aea85,0.002694119581245725
ck_391639c0f13932f3,0.0018824435807684578
ck_02dbabda93c8c13d,0.037758800625761736
ck_0adcb1fffcb0a34b,0.08040422580371769
ck_7a43ef9c7b1c67b5,0.0038359328243957993
ck_4b9dd69946438d0b,0.006492054237731177
ck_90bf017cdd37b66e,0.04139697557104623
ck_61c74163eb36556e,0.006747084743643719
ck_13376c59b5bd6943,0.001566760923287737
ck_62337eccb1672737,0.03055818520852608
ck_16077934338472bf,0.0013199643626963448
ck_0d4dfd93086e7330,0.004077953359300712
ck_3865b7525b910893,0.17718064920208917
ck_7e2ae8b69ebd5675,0.005663430716468359
ck_b4384b6c11766ce7,0.0027777270412310657
ck_3d7fa32dfb9fc692,0.09936651992389345
ck_f4a6a7cadd6e0603,0.03225509774277008
ck_212525e2828a6c45,0.013528714775634023
ck_33ad8d53394ba77a,0.08482042756881027
ck_a5051eafe8b51224,0.007288837577456099
ck_f65e5ff7da565f91,0.0078771104814885
ck_5c37f7563fa7591d,0.06540906078298939
ck_f1e0a006068aff29,0.005616492889550998
ck_c646cdead6fb79d0,0.01398547744984154
ck_f8b3cdffef535330,0.010567487920645414
ck_e5cdbe3aa12c97f6,0.012830689465204855
ck_986e4e61440506d0,0.08632202831030424
ck_6da9c5912e15d9a8,0.0018484610528399265
ck_51d842e6dae74c71,0.008357942745337165
ck_5fc65c24e0736d5d,0.6492118480091984
ck_babb95a76c69509d,0.0717219774230389
ck_86a2d852a9715432,0.01442096769109819
ck_db4083a0d043def8,0.012972106701069465
ck_96953b8945b7d403,0.009908648273412883
ck_7831ca5c31fb3859,0.049616942640083275
ck_60ac5e5f375daa38,0.010408217547980153
ck_05d44eb1f5f085ce,0.020189590162448635
ck_432cc19c7eeaa46e,0.05118586124284898
ck_7fc513033af061af,0.04197918643699278
ck_ada6ede84c111719,0.0038621398830185213
ck_6343e0d3b1c2962b,0.04565463561257398
ck_010264ae04f2e902,0.07819661191564355
ck_e9dcf535f8c289eb,0.06389095484715188
ck_37143d9cc296e6fa,0.008033719508527723
ck_61fa051192f3e810,0.01413017083494356
ck_f9f93d1d41be1468,0.6321455860020739
ck_c4f4f28457be8a74,0.001130039870619586
ck_323a71f9452d21cb,0.29056764851735845
ck_170f4688e0acd875,0.13312444089835873
ck_869b1878d09d230d,0.07552235308310952
ck_2f6b33bf46976229,0.0009675042254433525
ck_b11e22e75d9b99de,0.000301594385377154
ck_123d75ffb75b606d,0.003019641264334485
ck_94295287a04c85d2,0.06341926948344123
ck_1b0434f096795328,0.002337462635987115
ck_0a4e191cd0a57ce1,0.00738585520927369
ck_d2fbd0df99634676,0.006455468955688861
ck_d51df5e9fbbbcc94,0.006133569684442436
ck_2d3d7d64a6f443f8,0.03273379317306593
ck_731943c682c9394e,0.022436510482096578
ck_5ccc0c94e5e1f849,0.03637422126487643
ck_c3476080516db25d,0.022412158255707457
ck_5010ffb1c94187b5,0.0005256061216143106
ck_7ef666d67bc70223,0.01587644982045295
ck_c1b493527224a27a,0.002277515717033908
ck_5d1e25d7acc5af9a,0.015535782845849921
ck_ec30b61cbf517db8,0.0020674027217241343
ck_79323eb5d2e5efae,0.004363626729708691
ck_4085cd3bf2661518,0.009059850360630606
ck_2ca91214c357c072,0.27190392408615455
ck_7f3132d6be389657,0.12812204566376503
ck_e7a6b925c8f39a85,0.0063971970549552
ck_c886adec7bac250a,0.02294789790308355
ck_c3f360c2d0ea0a37,0.03261037295568477
ck_a7acd5b015823793,0.02759029287248119
ck_9d64187c0800f84e,0.030616632184762113
ck_5d4ed73b9efd7d11,0.009736959967846784
ck_874eca6776b34dec,0.00808118204334958
ck_96a9221a87be93c3,0.048208098460442
ck_68dd79a51eabf5e6,0.040581954213927844
ck_8311cb6755b2016c,0.0014336693860293234
ck_16fc77b2bcf5ec03,0.9404514019728093
ck_ad9e2088a33c8c72,0.0003458821005619511
ck_7176bbc97b1e42a1,0.0027015816194945305
ck_80dfa54b30f65fff,0.9700983781018068
ck_31c54d540b128843,0.010137070366989822
ck_43ea894480567274,0.013659708631225934
ck_9c9e8a38bd5a6c88,0.10678785688696082
ck_1c2dcae19539e148,0.08332987841001081
ck_b0fa8b84e94d8ae0,0.01577587984653546
ck_4ceb43ccd0a81c2f,0.009203261748597855
ck_ba845332b730b596,0.001000208486640338
ck_73d3e8c6077f61e6,0.16459117990445293
ck_b5d0d223ef56473f,0.1190318055388526
ck_949f08f8e80e93ea,0.0031615639424786117
ck_73de0b49709e5f8c,0.0023824241621605534
ck_b5935e9722a39819,0.037181034876274
ck_96247fee0eb44420,0.0027235977679514072
ck_a6def1e4b2d57e0d,0.12303727757844851
ck_aecdc5a96321a2d8,0.01621467556990152
ck_bc61c59970f8de49,0.012407491717297423
ck_c43b4175fc9ac5bd,0.7411351258791974
ck_8ff7a9b23a55fd62,0.008875678206966185
ck_20c99b645f462449,0.005820045704055383
ck_a5ce2ae36fb410d9,0.0023214920767618504
ck_96fb9bf556842bbc,0.01273331796669575
ck_b5e4c6dbbed1b773,0.02353032342452305
ck_2085433978e72ea9,0.6512695432030838
ck_2c6b174b063ec637,0.0074810630336892905
ck_b20b81b88dabe28d,0.008377373094727967
ck_243c18dbf150831c,0.0027402727917271064
ck_2bb6a17e8eee35cc,0.043238086600953504
ck_66147fb994495396,0.02915401008670047
ck_73f124f075ede0fc,0.01339382655623271
ck_2e315f1b1e533dab,0.003205920061452335
ck_16c7bf94ed3e7a6f,0.0010963399653785223
ck_4a0eae220a762ac5,0.021656990617608077
ck_dc16f939c2f44ad8,0.023815890079746087
ck_817926b449754917,0.011733122646195271
ck_0c0dde42ab64ef87,0.013066263046255
ck_cb3a40594da6a2ee,0.032182912568786644
ck_d0dc156441fcfdcb,0.03175108707674683
ck_66f0945add423e9e,0.011940999157218924
ck_a74f6a3030f5d495,0.06521829955828119
ck_1ae460f331e49ae2,0.03951096971652367
ck_2d177b2f4f0b40c9,0.11879908929067765
ck_92e474e4368c4791,0.027167341097883022
ck_3dee83fa2d109484,0.0016119069286685684
ck_80e5ea27848069fe,0.033798884509915146
ck_ed0c4a83701ca230,0.02974802124635006
ck_0b8b7c5c581fd161,0.0007030444169191773
ck_60bf8a2870956fb1,0.009406778436044146
ck_73a54b56a2bf35fe,0.9092044668763165
ck_2296d7a563424883,0.01691129185308943
ck_bc19c383560c7477,0.02005698828850065
ck_861d8e3d88f1079e,0.03380569440046385
ck_3f090fc96c24eb28,0.002516041976048485
ck_9a6a1f8102febfca,0.028864271582167457
ck_541b6ad5d2fa5a39,0.006960300409880669
ck_a760d38d1bc4de97,0.0015507412150057684
ck_7dca4d7ee10b4eeb,0.0010539923832530176
ck_15220e78d1545e40,0.015180299697148169
ck_ca24bb0de508efb0,0.002476323233290057
ck_56b389627d8f02c5,0.27648570886307106
ck_48a6754977a44db0,0.0056798789718669794
ck_333a43ec339a04cb,0.0741292390038702
ck_f22aacaf86a65d7e,0.008624789570394335
ck_04bd8a1ffaf3ffd8,0.0018960041491224672
ck_2737a72de6b700f3,0.018980015915029864
ck_c35e03b0dd0c3454,0.03289868086129169
ck_e0571312f395cd94,0.02684981194865337
ck_09fab6b9825001b2,0.003797432938693603
ck_18c3a095606209e8,0.0323791789486864
ck_2a97db9377d01e36,0.004133930985773857
ck_f29dbbfdd2786bd1,0.0036977548374093282
ck_35d6c510ad29362e,0.09960972140356053
ck_5468fa99c945d785,0.010974108096591951
ck_6f8102f62c876cc9,0.16845927012418607
ck_91955aab3424ad16,0.003190980853340029
ck_9a43c0c73a39d759,0.11624635823724071
ck_60b023af6d1e30bf,0.8391131096113436
ck_9704c5cf8659cedc,0.03038939825469689
ck_7e5f02b51b9f78bf,0.12474538177073798
ck_7d3a88d1aa649708,0.16560269695583923
ck_8250eddc1ecb07a0,0.06013534318120214
ck_d979ef95ee44023d,0.010438624837865654
ck_5e5461dac83531ac,0.03185391652332334
ck_d1bb8890081e0a31,0.012730172063924931
ck_32246c62640648d9,0.0012091364311065378
ck_77a40c7d2f862a32,0.06168044729118516
ck_1c8b94efe9238f5b,0.0012822904428152191
ck_eaf3b6d11bc3cb11,0.0018911314487518836
ck_a4a7ef3ad799c380,0.021334931536584802
ck_d5bd8f68da073cd8,0.012162974751151766
ck_6e6258227fc8db7f,0.0020061355904210467
ck_c35d444e05799db6,0.029231477383345042
ck_74665e1209140ae8,0.009335842095975362
ck_353a272478f7e903,0.0023723780552252
ck_a2c9796ea229a4e2,0.0035279938060671346
ck_e0171f91cb3411fe,0.03993207685324121
ck_703499f5410280f7,0.0013662494526322396
ck_ae3a763997f8f385,0.029288119775664943
ck_f7ff94c3df5ac874,0.03575144986578953
ck_f3c16d8f747db046,0.031867559500593085
ck_7ef019ed77276496,0.0022879808095482485
ck_d6a4faadab58a3de,0.003281661643789519
ck_ba7b78d31d74c794,0.09648096457435089
ck_36287d063350ce9d,0.0022666443596763416
ck_5177fc7137ff26ce,0.0006661516596448264
ck_dfd4e79aaa967b63,0.013045632107621503
ck_fb44d15fb93a7157,0.010705650571294799
ck_fca478361870a4ca,0.007350595815391894
ck_e57b94fe57341058,0.013705143673940878
ck_5448c946cc4758fe,0.014223008054171487
ck_c5ece5ffb8800ad4,0.017792700520030826
ck_11cb98211b2ed134,0.7917869009960503
ck_f655399ac75c4450,0.06321589582937488
ck_c817259019588d30,0.044907373977721717
ck_8740a14d8096c6e1,0.010433073779585272
ck_0c5ba86f4e05b38d,0.02170586764966445
ck_ccc917533d4b73d4,0.015018520832084138
ck_9eb80edfa43203de,0.008385725143608745
ck_d1a1cf4cf61d6801,0.02937107761848864
ck_b17c239f160e6017,0.028053486753748517
ck_410c3e13b48e0415,0.000649744303156861
ck_ab553954435e8854,0.9683927289563857
ck_bdbb4230c91e1604,0.014849309215066518
ck_8fd4937eadd64fb6,0.008588714486784372
ck_e0e90b196bef3c11,0.00378691322975734
ck_3dc4d464386f0eb2,0.0812684274088479
ck_51bbbf8f8e8ad005,0.9935656417115951
ck_c05737ab74cf03c6,0.06502847099563597
ck_dceabbe04d99afc2,0.000670506456202746
ck_5b86fd14e85bc9c7,0.4516220958356274
ck_d4febf0083800424,0.007466420912143703
ck_77d9f86dcf251739,0.03633536532339969
ck_b4dcebc543deaafb,0.005785877762100898
ck_cb856e75c949b0cc,0.0008235579408934253
ck_61b067de8ffc1ca1,0.05090200216832012
ck_c0e8560ccfd9dd9d,0.0037033884998198337
ck_173e1198c341087b,0.008954067117578832
ck_b4d55bc809000276,0.017953503582817654
ck_839bf139296b5cea,0.05743093513615763
ck_78cd402a2a4f2e35,0.0013339833492014834
ck_c2925c50ebacbdba,0.0037831778451483827
ck_5e3bc76eddbdb0a6,0.0038407449714728875
ck_b7793edca26fc512,0.042007411133407585
ck_d79bdf04d6f31cd5,0.010598491020825114
ck_4b97d19ed946f503,0.020310331082555776
ck_37139b41c5370523,0.04866680045596907
ck_8c346eeefa9ce692,0.013600218815052871
ck_2ab7eddee2d8c49e,0.005301458874977795
ck_29da59ea3bffb9d8,0.17354227436893332
ck_c1d05ef0ec6e4be7,0.005646521333204388
ck_3882423b449f6291,0.9579785415153222
ck_5647030283171ed5,0.704278344992538
ck_efbdcd9c181e72ca,0.006594177054571088
ck_192fdad892782daf,0.5164262400230314
ck_0bf2e13b9f2601ac,0.050630835017718485
ck_3d6046a533057795,0.003498125485599585
ck_279a1d3a3836e5cc,0.007522724493098391
ck_c375e929becde422,0.005536673705987486
ck_a59e90219939a1f0,0.0037831778451483827
ck_4e9fba1ec54c3ff8,0.060579444709094744
ck_bcbd8588a13f5eef,0.0007546320289593463
ck_5f9a7ff990341bdd,0.0010120247752933786
ck_e0403d507519b7d2,0.008589881046131577
ck_c9490cb61aff5112,0.03925349850548663
ck_41dd44308e6a665a,0.26209484219880774
ck_76c23726cd7ca947,0.013657208622972702
ck_9be551300209fa83,0.03457725887372359
ck_a98848eec6c9581e,0.04113958232073443
ck_61176dafb33b2d8a,0.2557796262699985
ck_92de019e05971ce3,0.006511286983020605
ck_5d644224135d7c65,0.006095308645838358
ck_c767fc454fa215d0,0.0013598611574384654
ck_5df85a8924e11f27,0.02877764364011964
ck_da2729307af06ed5,0.09212745651117016
ck_7c6b577174af7a78,0.01671442660013282
ck_893b8afbe11301e1,0.021221324080970286
ck_e06f6fed020ae014,0.003305064639572798
ck_386680372fb54857,0.0023691385047811156
ck_7a7f3c4fe0c9d2ca,0.017290331954904446
ck_f908b527c4db422d,0.1309525254109138
ck_ec2eee6a133e9a6f,0.15603364412863904
ck_d98934f9fe0b02b3,0.0023257183581077015
ck_398a1ed77b0130e5,0.03050867642093411
ck_d960af7a55b892b1,0.018334554440736436
ck_4637e54a9f79e2e7,0.0022967683191647426
ck_02b9f418524f6650,0.015393091090436458
ck_d4b23804cebb045d,0.01215830739148784
ck_35b1939c48182a9a,0.029804308643272062
ck_2dcbb71e39d64305,0.034036362981323454
ck_47a884dec960ff2d,0.019415733645563194
ck_71fd8c346fde5cca,0.7012812548996403
ck_98e1992ac8e7d2de,0.026332531115465237
ck_ae7780327e210522,0.015151517639862782
ck_e6c584b4b1ad6d9d,0.01853727535497249
ck_344b2e326a6c3dcc,0.0028116688941807184
ck_9aa899a5230b0963,0.03121145111972397
ck_e48d14d5b70ef5aa,0.017625176363641974
ck_59d380a0973b3951,0.019438320352202526
ck_11318f7c041a5ba9,0.0038266657336660523
ck_7061786fe2f22f5a,0.10797422154696748
ck_e77529651c416cf7,0.0051473186951828944
ck_7f79878197340435,0.013018159181535887
ck_b0a0fb0ee9ebf106,0.0027606793851384895
ck_70c7679199776a90,0.07863399366047798
ck_b9facd2210daca5c,0.033217403128999144
ck_9949f53c155b8dde,0.012336530110635723
ck_1c607e24f2c4397a,0.05996274111336256
ck_aefd1ce3ce093cbd,0.0007455827130174598
ck_5a29b7018e43280c,0.0036334463636662957
ck_69eb0b2ccfbe5f95,0.009086500189388714
ck_fe037765aa465c58,0.024221143174809896
ck_5e512ef5362a3dd6,0.0060290255991043646
ck_544a9e80b7fdc279,0.0038783818799475026
ck_7825494e654d5695,0.010817818606470636
ck_f1f2c3c623553f0d,0.0005803794360363853
ck_52730906e5b461eb,0.9617328611718601
ck_01e0689157fe9617,0.6074389272785459
ck_9da82e567074da9d,0.044487109544796045
ck_6a17384072f904c0,0.020857927670102805
ck_8d84d771a21942a7,0.0005169907887745693
ck_39638880292782a7,0.008364887564865604
ck_7d51c86e0eec72ac,0.02888000730969777
ck_45f4c821c70d134f,0.5230130996611004
ck_0af3c13ba56ce57c,0.007019168026683239
ck_0789a05e061b2784,0.19394867644827704
ck_6ba091eb42ffa9fb,0.09564745123818419
ck_265accb3c5c32620,0.021884393813413873
ck_179039559ff7566c,0.032751564603362274
ck_17c0a6a92b5765cf,0.015307780179370392
ck_59371c9140239fd7,0.011749485285712243
ck_f9c4f8b4ce2691f0,0.004874788834122498
ck_a2637e4872cf4811,0.14093205899958114
ck_1de43fd6c6c22a5f,0.03415113767340722
ck_6e4f31bd108571f0,0.006004688201202342
ck_da06d97db0b18851,0.0010737588881585592
ck_e0346d5081e640e8,0.03025899745054777
ck_c1c7d4e62c9fcded,0.03297770180300357
ck_2595669e421299f6,0.039166287148020326
ck_3b6057d51fd4c7d6,0.005017254432300429
ck_c5f8ab515840a0fe,0.024793229353731315
ck_435cb24538c6f77c,0.03459933562200765
ck_d84b5403da4cea7b,0.030250821806692973
ck_c2b61a98d1c8f6dd,0.9097276022453612
ck_c9dcd92b2f836b61,0.09733579716084864
ck_9eb5b3f5f672c2b1,0.0009228330259236057
ck_e4cf189a8d31649a,0.0037831778451483827
ck_6b114f2a48152b96,0.0015377729381843453
ck_3fb95862b70f505c,0.028390610510135156
ck_7f780f465c29398e,0.02976828265750317
ck_ee387f9da79e67ea,0.036585346717188424
ck_fa3b1e85d27af2ee,0.03948193835592989
ck_e739eaaa7a1822f2,0.03433968645728092
ck_dfa0ac11fcb1dabd,0.0017292414059655726
ck_6e8751b571ea54d1,0.03912201182409184
ck_2d695f8358383092,0.06694403155814642
ck_e7dce27edb700f27,0.007242856806616226
ck_e322da8b213eab52,0.003332680213162225
ck_d0b32e039abb8200,0.0016793664506364147
ck_b354003302b272ca,0.008253226352116765
ck_f7485cba392bc294,0.11939119959952488
ck_d6a290ff8362c7b9,0.1038848359623265
ck_c56a44fe315c0389,0.03088489420132971
ck_f77dfe6512eae322,0.017908233487497014
ck_35fe969c58b9e70b,0.09960886297704609
ck_4c518637db2322d5,0.03850261998915932
ck_cb61902798ecc4fd,0.06971463850333964
ck_56e6cfa32156a916,0.0037831778451483827
ck_343e6ed2b9d35c01,0.0052416604719748875
ck_51440f64f7250ad7,0.011962063938114453
ck_295bca29c34cfe2e,0.025501306621380816
ck_dd30558576b45e7b,0.013409749532714765
ck_3a30132a57181fe3,0.0671520867725213
ck_4a733aeb833406f4,0.006768312557091177
ck_1b0b7c3d35ab1259,0.04731337064717584
ck_962c3bbf27cd4b80,0.1001007262802785
ck_9528e1d6b1707870,0.009087067443006056
ck_b3263e7f31aab45f,0.11133974877610366
ck_e69195a3c885053d,0.0013321162166870003
ck_a907fa8795cd4baf,0.0016670865772569496
ck_205c3405045bd835,0.010343105197702946
ck_e81fc223bed3c46a,0.040970115079541375
ck_363751deae40edfb,0.05112897003819621
ck_6176baea8cbebbb6,0.0037123286187296877
ck_633e6579f5c74a5c,0.2631797924020761
ck_ddc11fc481eef58d,0.04479035709194514
ck_e975002c979e12c7,0.09034270005312109
ck_8e039b23acaaac00,0.023781177029546494
ck_1d6990d94a4d2ad6,0.026506137012856746
ck_e7b583acaa3171a2,0.015132439575211442
ck_c0133f60d39b2fb5,0.02092901544402494
ck_7d6bff85e7a694bc,0.0016754489143573088
ck_d305b4d82f63f647,0.010154740749784395
ck_22bd0fc71f95e048,0.02576796128350986
ck_9a65fcfc7916f93f,0.0007780186099328407
ck_d61c837b0106085a,0.0855380413638679
ck_be86a1db08dea456,0.05152412312909806
ck_90489c405e6886d8,0.005046644056928136
ck_0add2c321d579d75,0.037758800625761736
ck_482dea6eed92cbbc,0.006255540655169571
ck_c24b47184534cc2c,0.9167543249198826
ck_fa04ac31e596e7d6,0.01563570285303552
ck_084322dc5a3a86f0,0.0318428783463756
ck_ccb72a33cc1877b7,0.01288375514364377
ck_afaf374009d3b248,0.01646936810671841
ck_b53084ffede19a8e,0.0027092034758844806
ck_4760216154c8cac2,0.7042829143514994
ck_37ad3a65db673e70,0.001617528377094036
ck_0c2932cc0d553694,0.05231961972810609
ck_86b853c52f20fef5,0.003348108880002026
ck_38703b7546d35a80,0.031897862362120305
ck_218b7e6e6dbd2da0,0.0013351906684731464
ck_402db4184982fdf5,0.03261792344268859
ck_f917c82af80e4a79,0.10468676170954706
ck_3c6417a233c68c73,0.033546757953559055
ck_98068c397d70dd3a,0.03044104485913429
ck_b1cbd6679c0f8d95,0.012876976843976075
ck_9e962f9bb0e7bac2,0.012595163646250292
ck_b08247c3ad567d92,0.03994198878091523
ck_3ef7a03ebb81cfe3,0.001338539456489167
ck_5d7ae0e3562e99bf,0.10606554310296726
ck_c91a628236baf91b,0.13264530312503162
ck_7f8e816ca51755e3,0.1225318625589371
ck_5aadd286d188f5c3,0.005949291388025223
ck_a037aff5f8128c73,0.01248712467739696
ck_5df6529ce8290906,0.005213928116526236
ck_5f3609511443e5a8,0.004864863987185546
ck_a6f61864fac3c8fb,0.008607166500654458
ck_2733fc6ba23ae46e,0.02231196299012588
ck_22bfb9246646eb41,0.6875409139909047
ck_bfc2a57d8fd1610c,0.06577899914386706
ck_49839e761d0e74e9,0.026907608902546183
ck_aa4ba931dd37481d,0.0030843397767259246
ck_2f9fa0d61829f815,0.008535378458364645
ck_5b82c774df10d49b,0.0005430992898864797
ck_411219470d0a195c,0.011488165775820151
ck_d07485ba10514a2d,0.13439840706973732
ck_219bef979ee21bdf,0.0016731814103390656
ck_eb1006e7285184a6,0.014466322614052772
ck_fd242b18575e3063,0.01717959772467897
ck_95188150ff059c70,0.058151099664074224
ck_a9ca2f447b984a6a,0.020853782737113757
ck_2dd39723c4088b64,0.005359605780749135
ck_aa2b4c662ff213b6,0.03903394290584069
ck_1867b1199c864db5,0.030066859123733823
ck_850ec97a5a0dab9a,0.0042310001474788785
ck_562320295fa35875,0.004332755532896184
ck_bab5759b07fe2bea,0.004008945895477954
ck_b9f1465d803e57b2,0.4157252760415382
ck_8f21f2690c32c691,0.09948876387038927
ck_df87d6f61a63eb21,0.004877655843812111
ck_770475876d0e7e6a,0.007602043530838675
ck_b4c014d5c0cc9eb2,0.006278317389313732
ck_3add4d23124c9290,0.003572327238891444
ck_bce5b7fecfb6264d,0.18414835353580597
ck_604c17cb97dc89be,0.06193354591265154
ck_e52cbcd9aafd26b2,0.014740108525766162
ck_0ac9114076f5bf3d,0.014013543329685985
ck_dcc125b178b79566,0.0020768053133894005
ck_4e333c09f0c37dee,0.015608988088570088
ck_ff7e31ff8ba731e5,0.026621039103658897
ck_8d0532d24f1070d1,0.0020942658702180193
ck_3689fa41748a6f6b,0.0763537567713039
ck_7509eb97c1948b16,0.004983430314745904
ck_a9161cf1ca22a6bf,0.04963102673862857
ck_bed3e3db135b782e,0.04190063080736274
ck_9040edd974ef8e3f,0.7576707358481076
ck_fac32d76ed40f683,0.023845821346618466
ck_3d7b1078e2d57c69,0.003993083333545418
ck_dae09c4e074af5dd,0.0038743692185293954
ck_fd84507228467b40,0.08306084686650106
ck_e2a2ce9b8cf44c63,0.01646624220576712
ck_cbe716f351d660d4,0.0035199037108189324
ck_cba4162ef29a6d27,0.04371581294201122
ck_4f1e962ff8a29732,0.005555977598604414
ck_39a81899dded61e4,0.004496763661571399
ck_25382331551d22a5,0.10410835579696114
ck_6d64e1c07b19856e,0.004537068880834163
ck_165a868bdef28ad3,0.04884762315721808
ck_88774ae52e30e877,0.0660392201228846
ck_fc7a9d0643570053,0.003921973311712369
ck_c2017120b3b88a46,0.005228803240854163
ck_d115ac6b9fd62a7e,0.005328944433815759
ck_439cf7d51ec7de0f,0.005480421701064129
ck_2468a7e9e68a0927,0.009322248172511722
ck_7c418947124dee8f,0.044974804407555316
ck_fb0cf32c4a56f740,0.038537262111607754
ck_694eb6c43193afd4,0.004599208204926889
ck_993beb188dd4abb6,0.009556618376460168
ck_77fa39d3b733c226,0.08003708065170838
ck_49969a9abc47cb69,0.04509929927500163
ck_d3f44bbe2f7e9b2d,0.01151871384141748
ck_fcf5b8216d0c18ef,0.007528520691602025
ck_daefe1e2d2bc362d,0.0020075279648968354
ck_9c9287cb28950eb6,0.013199149143012758
ck_c1d1a625b885a975,0.02648495484294649
ck_71b37fe47490b4ba,0.011816423184501337
ck_5d16e257c0635f7e,0.35264140147134176
ck_15918075563eb074,0.0020709053492436224
ck_9a15fdefc47e8d11,0.011039791883945159
ck_6f04d047d1dde75e,0.00027127757493101393
ck_1af2c0b3b8d202c1,0.003791995144541473
ck_174be2231c5fd2b6,0.003410169271893177
ck_bb0713a2a1d65982,0.0307274574271169
ck_0daec63bd5b0729d,0.021884620772460745
ck_c0b5cc3e8ad2ff44,0.005004387351958226
ck_35bee1fc12664644,0.04078769887068827
ck_a1c7cf63467df4c2,0.000431453857734517
ck_ecb1e15f0b185ceb,0.047002623611072075
ck_f280d31f54a4710a,0.0062893103629852645
ck_30f4b2ee8abe1342,0.049218380644329714
ck_66bed631354de5b7,0.005494520345764957
ck_c2d3ecd7278eba2c,0.0013093220941265062
ck_e901dec0e09eccbb,0.002725722766838121
ck_5d038ecb3c8748a3,0.013759961595259728
ck_283c5bea94b21e80,0.008751803936328083
ck_7956c251b85f009e,0.7473933290289682
ck_9f5f81d771146aa1,0.0009954023620447696
ck_9323e6fc1e168eda,0.7008487311092035
ck_10495d3a635b8d69,0.04396533737890337
ck_1982d571cd36eb0c,0.010544863855564806
ck_4f5d7985bcc2eda4,0.005849773325617496
ck_7df526b2b4410bb4,0.054763907474959725
ck_dbb498b1a346a402,0.002281149873625411
ck_ef059997563e3330,0.012695688696959917
ck_02ec4e06709e6b82,0.001064200351387651
ck_9782c86ba6485f88,0.0011521748358705789
ck_d69de468b44143ca,0.013432089612099522
ck_6430a8792f400e0a,0.007201969614962589
ck_8285bd3c90af94f6,0.007062707857517955
ck_985c9ca112000e9a,0.08891246087428085
ck_e679fbf4f4f4aa07,0.00576650126719265
ck_016e8c8eaf9d511b,0.16504594806763234
ck_bc996c523944644b,0.03130714425298477
ck_5b8315726f6204e0,0.03774380115915863
ck_78181f8e998e442f,0.00183607399952516
ck_71c68dfd011dbbbe,0.4636604956261159
ck_db32c95ce2b6f502,0.8524023785786178
ck_755010362a9b1bc4,0.000586720950424819
ck_114141d85256c9ff,0.0009692094178985815
ck_9d1a5cf5a3b87e48,0.016415853182023692
ck_ab640420858ab5c4,0.2030074292281356
ck_97a8dac48dd62488,0.20957444788403404
ck_879cc3166fe1bada,0.0027095627672468854
ck_b0ed11080076e381,0.0037831778451483827
ck_7334a9ec656263b2,0.008419167062470501
ck_6494f0ef13ce44d9,0.028816757942660465
ck_724e459b9ece38f4,0.12645402358558588
ck_7fd8b1470401695f,0.5117985583665693
ck_292f81186358b0fa,0.013875812437310406
ck_fa7de64d37287615,0.024361209256439694
ck_d00e09e66ed6458b,0.17079630155602252
ck_b8d210e741be186e,0.008752853485602573
ck_3db59982cbae4410,0.01119294750200666
ck_69887d0a9aaca6df,0.000671327911006748
ck_4feb21e2fb0b3977,0.007006655560863945
ck_08c6cc1e143475e3,0.003638115867197235
ck_fe6e168cdbb46b9a,0.024059827195177973
ck_07f1734be7fac56a,0.06448464529524575
ck_d66d59981307db93,0.018256330943905327
ck_f928dba0d587d7c1,0.0019263449248010723
ck_786448fe3004cbd0,0.0023434063906377584
ck_29ea329fa40ace62,0.021532041574265734
ck_7ea52b6f27edcb73,0.15904358444678002
ck_18bc51bbf3ef198e,0.09723159336564853
ck_44950df09ff14ded,0.002105410061149417
ck_c1466b52c0a10b93,0.02531572270038832
ck_6cdac067cc4db5c5,0.02734576256124467
ck_53f55c6e8cf2d432,0.002533465244245103
ck_95945f48453ca532,0.03807751005798036
ck_87cce4126e215153,0.005516005368941823
ck_1ecd5516c92caa4f,0.002982300468049176
ck_819b482bca14c068,0.05786613886743846
ck_a61a879dd46fc9f2,0.0020801618656643714
ck_af70aa32c009c3c9,0.007393865762739609
ck_f4fe78e249092ab1,0.020813145224797908
ck_12c46bc52bf45b36,0.06071709870834028
ck_f05f5e4b40afa52f,0.048141585115517166
ck_0f8cb09d3f4fc980,0.0893848788782118
ck_80a64a7f0275a71d,0.0023839761664447546
ck_683af7b1540a0b22,0.05231959925590809
ck_51fe0b613c076cbe,0.0017305692743144734
ck_da1a2450219dcf19,0.08441852370280416
ck_2a7eba01ceba6c2c,0.04163162224118456
ck_4e329e29dfa743ea,0.06373167097623662
ck_0274d881d6db82c8,0.0037344559771096473
ck_0af5b7d128035b35,0.038170978816927215
ck_ae0a7be6b0a0ea68,0.10079084308753875
ck_de5bb7a4d091386d,0.12889290357002886
ck_2bb7c17168a9d17d,0.004302882182717039
ck_0ffdff7b2f5fdfe4,0.0038595796610849833
ck_718a8390b3d42d7d,0.01463349547619473
ck_7c4f12d70f184533,0.0005526314562527072
ck_d3e2c26b8adff099,0.018862751074127035
ck_ac9d3d9754104cf0,0.0017670758194566684
ck_3b1766a1d51f8f0e,0.3343306401119563
ck_a9bf75bea912027b,0.032602079235609295
ck_687eab3ffe1f8cfa,0.037758800625761736
ck_25dd0b02af5b2f37,0.03470001977332754
ck_1747fcc466f0ae38,0.0009176480427006442
ck_f6e9d14dfb6f3c28,0.07386412921635431
ck_c6a7bbd0adc4d5f3,0.04806000641478822
ck_46656a23f4456d22,0.7637842142783734
ck_7519260415c2998e,0.022714165348481773
ck_754f30ea19df857c,0.02230843726869552
ck_ba88a244d5f7380f,0.02348013858051438
ck_f268416945316815,0.00704731084201162
ck_21860dd2159dff28,0.00108257681030942
ck_7a86ef4e2beaec38,0.0007315279801779407
ck_0414507baeea936a,0.022499997769809904
ck_60796eb60fc3043e,0.003794610851172887
ck_1e0841ed17fe0562,0.040206200565058504
ck_0d641d32658d6e0f,0.0012247171407016287
ck_b36086ae6d87eec1,0.007086694144250385
ck_962e65ab33b5c311,0.4352466824519676
ck_b046a42684468e63,0.018085596025774357
ck_ab3426435b0017d6,0.044428091979984825
ck_fcfe06e44d09a344,0.0785885388517804
ck_0f6d916c92189516,0.026513420499726117
ck_d4c8f0d957c3965d,0.009029885635217963
ck_2ca83dbd728af019,0.007012362033869005
ck_2857a4ce9f72fbfa,0.0026037214374572105
ck_a60e6edc48e3d0ac,0.578698051823296
ck_0cbd3b27063d4415,0.03323398470578565
ck_612089ec90c37219,0.08291636696606107
ck_ec4e597f17f473c6,0.0021960080676602985
ck_1c93cc58f314bf71,0.032020232376704566
ck_2b359a979520276e,0.004450194157756108
ck_1496568ddc3b2d56,0.038264019426887355
ck_41d91dc9f5063566,0.019962435566676793
ck_4c5ff58afe3d7a67,0.002740147725320376
ck_81709736281fa3eb,0.0018162636177163488
ck_d89abbab3d4957aa,0.010800297033506408
ck_52453401f88935da,0.09469061928602088
ck_a477654d34783e06,0.0016169443291140578
ck_72dd0dbdf808cb00,0.003241079302710186
ck_c183dff3781746cb,0.0669504107252824
ck_c8b7f241810b45e5,0.0015953468050212084
ck_f88028c3f306bc70,0.02804531859844266
ck_91d48d69e4f5d9c2,0.004627401365537361
ck_b74b9ba6d7c9aab7,0.411800879796052
ck_03e904682dc73bba,0.039066705140683236
ck_fc6fed6ea96a004a,0.01387500878772092
ck_51efdd240e34c642,0.03686515760681032
ck_e78ab4ff52b5fd2d,0.010272986278241018
ck_4af7b97c24d89a45,0.04791585413899468
ck_295c0072eca7f7a2,0.038412670432941595
ck_8abd1a50a9227463,0.06443424981989308
ck_ecaa6f13304e3dc5,0.0030260677240151615
ck_de436e7b319be1fa,0.9983044547177915
ck_c802cf8f61466027,0.006258714614453749
ck_3d83e0a3c1cfbf8b,0.060962166500862044
ck_28d2003c2d16e4b6,0.0009854879193751894
ck_8ddaf745bbb9cd62,0.0015395607501297011
ck_493b6256091014cd,0.027076738355510405
ck_a2245822cfea997d,0.0034193824559909016
ck_f7305b3c64cf8a03,0.061241854939438754
ck_9937dad93a0ed3c1,0.013973192878665129
ck_d654449f9231ad76,0.016242349816837975
ck_850e2b59bc535490,0.029846834702343356
ck_e55e5bdfc0242aef,0.07389032555059423
ck_d35c51e981b98c5c,0.024244845774388617
ck_27cdf9c5e6f0915b,0.018425562552083906
ck_d328db1e1052d820,0.07542333407730899
ck_0ea30eff5f361cba,0.002652906140868993
ck_9994323f97109f4b,0.9811035989228222
ck_09054e97bdf9624e,0.003314182581971903
ck_723b4afc388113c8,0.006027325118437107
ck_588f6e6a6a6d93e8,0.043505014943380486
ck_e1d563fab4d6116a,0.000800066690868728
ck_53aca610e20598bc,0.00694507914048912
ck_c8131ddc7ed33448,0.0033621006840412414
ck_899f88464305824a,0.02148369493594148
ck_1c17c65804f8889e,0.006600810148234417
ck_45a16ce12893cf9b,0.01444622130748348
ck_f9d481aa4f9b2808,0.22644058936449782
ck_1d5d74169cf892ef,0.008014654875251522
ck_aba32acb61c1aaca,0.08599439803471028
ck_ec4dd3675a8d28cc,0.03286611142309198
ck_5dcd443fe0bbdeac,0.009927652397410182
ck_3a47e3f54475e854,0.003424907766728321
ck_a9aa5c344c315532,0.018499637962474048
ck_9652283c9f61fcec,0.0006052874639733934
ck_752dd3d2487f78ea,0.019856344497044213
ck_a821980ac4db9943,0.14442422984277314
ck_93e0d6befb67f7a1,0.0927995090135917
ck_e7a3881c3e36bd51,0.7594535663690013
ck_12631b78f8a03df2,0.0013977386289015935
ck_57b8226610b48854,0.003655984987143773
ck_352657008983fd4b,0.038322137752932244
ck_0841a5c24fd3dd28,0.008854643782894855
ck_db9b9d5d30f74070,0.006841548613977286
ck_a9dded7f6294e44f,0.04905170575730152
ck_91a16336ce3217dc,0.037052054857550434
ck_371bd9388b287677,0.0021164672161217094
ck_f285e5e1912a7c62,0.004960474619277119
ck_368b65fca69fc415,0.0789850141201249
ck_d27a73596b6500c2,0.03140111434676386
ck_2d963f9b2c4d11e1,0.028943315074257413
ck_7c500e219af39486,0.003271866646186
ck_7d025dea5951cba7,0.011867019076098839
ck_32f632706608859e,0.017369466088730058
ck_53816231f3ffb48d,0.002961648381828659
ck_9dbe184e81c1ca8d,0.02749844684051996
ck_d74123617f22a21e,0.003628554307739682
ck_275386782b1606f8,0.0040441438800030505
ck_0b0e79d33e50cba5,0.0027366090373856793
ck_ba93cb604f792915,0.03658557912703873
ck_a86cd653472eccbc,0.015058149675192712
ck_87771861e0447210,0.10344163931227927
ck_212380e0371d8a6d,0.008589465838336299
ck_ef0d702d7b0ed745,0.0007710107749815286
ck_2b8f33e22f939372,0.9231173077905511
ck_480347ad92037105,0.03461258091540874
ck_20124c3a16c53ce4,0.045874793963133285
ck_c9e1e3229baae708,0.010543627779560681
ck_b1befe967f7a5ebf,0.028530557586278125
ck_4672167d7c989bbf,0.042116271626970465
ck_f0c44ee5e3a42e3d,0.0460114481908588
ck_c416357d20238a4e,0.003123772149621741
ck_d0f470f8078c91df,0.008941403741817967
ck_3a70b4ee59084715,0.0019817658179715324
ck_179ed66cdfc1ce27,0.002219168537721639
ck_387e5a7f163c7837,0.005787372288267973
ck_08fb463e69f647c8,0.8894646394660773
ck_732f725747393ec8,0.022274726582457376
ck_7cc5e0fa3ca5a713,0.004383326118985121
ck_ad4a4daa826ac68b,0.21619825546446442
ck_472e0be7a3b533bb,0.032804295024954536
ck_7190177963eafdd9,0.009058272720988402
ck_647ac26c5900f082,0.026252052538665947
ck_272ae2179bbd8e58,0.03837413881051744
ck_09b0d8af304646bd,0.001146935435392362
ck_ca0cc8ea9f344408,0.003037248670875674
ck_332ad134fb909869,0.007622524613204244
ck_fca2798914627dc8,0.08938205507095728
ck_4450b55f462ae134,0.004471026415315057
ck_d67d9dfb60b286b9,0.005453457739777984
ck_a9d2bb4f2bde7052,0.006393256088778791
ck_929bcae878a3ecb3,0.612237039235315
ck_59a9e000fa275e1f,0.023091047774479508
ck_57f17254e2688637,0.03343682407155892
ck_0508908697f60ce3,0.11382086384045378
ck_946afc2943298d26,0.004075523558929594
ck_7176d12b18f2cc0e,0.03068560142804728
ck_5c47b49c26cce286,0.00945601885656085
ck_b6a2bdb2d335e1d0,0.9820109126859936
ck_1d58f6caaa4d012c,0.02068925356580217
ck_71c917295020ccc7,0.004007369226572789
ck_bc89644ae3688995,0.019859707510357268
ck_e7c212f16d6df272,0.014901647196349389
ck_c6d2e11a368184e6,0.014277252889307007
ck_eed7f1f7548df15b,0.007156061101776257
ck_75b69034000ca7bb,0.026658007015542398
ck_38da3bf629458682,0.0059338764668992305
ck_90114c891239d821,0.000675612708390665
ck_8ee08f6777cc155b,0.004934924257113601
ck_bd86132499defcd0,0.009597711447388442
ck_b95fbf2b5640aa82,0.0165280850838047
ck_c530235393360e3b,0.030259894189431317
ck_be52a7ec43241ba4,0.014872295511618049
ck_d96eb3cc55f2772f,0.008059157887900906
ck_dd34f0a844fb115d,0.3775905582530382
ck_17cc7b411f448e66,0.02237151903497101
ck_856ea65fa27d06dd,0.012609958341765317
ck_056d5f0301c30902,0.026356795892635454
ck_e662b14b2bab23a2,0.07266030827361508
ck_209f574c8d92274e,0.012408141808057964
ck_62720b81617896cc,0.007534369280517371
ck_041614694b77e599,0.024093189133272297
ck_461e3f7b97db8d16,0.16755141184886257
ck_1b74b798eebeabdc,0.01803000763333288
ck_0ed2739384f1d644,0.012766829418431104
ck_5a4d19f1b83feeb8,0.002534310193931962
ck_463937167965a1f8,0.04142692167911731
ck_9d7151dbdf100e0e,0.04691212070259969
ck_20a7d1ce6cc27312,0.008315068122543482
ck_6031211ff118cf0f,0.0015115667769752639
ck_a6fc92aa91e99b77,0.916598713440703
ck_0aaaa9d2f75a0518,0.0019790701824522537
ck_ec26e327cc1848b2,0.007219138396889573
ck_0e6bebf8ae9b9b03,0.005175688097845426
ck_e107537a4cb738f4,0.0037831778451483827
ck_e8ea56e122a5a487,0.006493933320963962
ck_98149ed45d38c4d3,0.09620226158442693
ck_0e719b3a6906b8f1,0.0005467658855195801
ck_0c6e7bd357e4a348,0.0008522828103534885
ck_d3b2b250da61db19,0.9193498238221685
ck_8bb6b0a292754576,0.12291645230522735
ck_87d70f5fe48a6128,0.030438657132692944
ck_ea9edf9c107d429f,0.006042423555122515
ck_059806c52cebe4f1,0.3169846954697065
ck_a72d6df666e1c21c,0.01189275785867046
ck_1d2b80ab6c4944b9,0.007070477832759469
ck_60557f077abc42ca,0.10471718049188489
ck_e5f5cb7dd6ce4a37,0.01898497867005451
ck_4c4a939154446053,0.0019211521826253974
ck_50ede3eb561a202c,0.04830430616221361
ck_6d03a542922b2ae8,0.019567157347110113
ck_d6fe761ed0db3270,0.12956696641415064
ck_7f0cd6ea3096f985,0.004457228109359632
ck_23edb6d938a3b87b,0.006066867654210951
ck_799aaf9f2b9ef621,0.030491396161140105
ck_f8f6a03613b6dda8,0.003151681257315753
ck_7cffb189f4f514ec,0.8137131928568226
ck_c081e1967dcd811f,0.018837948607201758
ck_583d6ca78c97d91e,0.5510589227888996
ck_9332bbc7125219a7,0.008094488063691207
ck_956b5af6d7d86c65,0.12709021374409532
ck_2d634e3f24681c0f,0.010818109787552321
ck_7b35d218ed0c5a60,0.01522301026452221
ck_ca5b1057f8248f73,0.01921560042423512
ck_ec5ea81cf813597c,0.006029318908785195
ck_eaebaf4d28400fb8,0.06405808652774468
ck_ae2ab6be219219aa,0.004041126560235083
ck_d99a8b4c820eb46b,0.005755357172143675
ck_bcfb7ffb7cd428bd,0.010328643783562373
ck_3dd542c2d31be2c0,0.04483988579038481
ck_c7dd84401e29a7fc,0.0005926548475628428
ck_c4bcc7cefd40f8e2,0.0008104234021452201
ck_c251898b5d51e3b0,0.00827145619393793
ck_36d37be780c1291c,0.0014426411707941552
ck_99b4f266b61ae7ee,0.07031812823104325
ck_c37f03995f0f0169,0.0019075866217150078
ck_65a23ac8e44eb901,0.0018621496820132026
ck_644b1c1149eea9e0,0.0225186695573918
ck_9cf44eb0237c2429,0.005240524831372742
ck_20541686a94fb71c,0.11053945780378364
ck_c18245be844680f3,0.012038443438194435
ck_56de216eda6b7fa6,0.002194379330494699
ck_406c4442dee45cd1,0.0016012767393216274
ck_df1585c7d72a96e0,0.002914727601527619
ck_b8e8dba20676d87b,0.02292565465689161
ck_0ee6965e68efc177,0.021044222196494208
ck_c2a5c54ad8d0d297,0.02897959998880201
ck_bf6fb7e6470e95cb,0.002033274117994074
ck_27fa694569140345,0.0007404316520917535
ck_e04166b0ce66393a,0.007185461938448341
ck_8742114f4f0cb22c,0.1991318391497014
ck_6eceeafd56b42576,0.015157120399277716
ck_34f9951b0eca1965,0.014952779181665207
ck_384ccecd342a24ad,0.0011053728947411849
ck_49c98bebd1338879,0.001771501396420574
ck_6c26c12071c91ff6,0.00333012123172068
ck_01e5986ebb9a78f1,0.037758800625761736
ck_121db7ba3be29ee8,0.012168329886076227
ck_039e6d5a330cea1a,0.11812129334618823
ck_ae8c9163cf957d7e,0.01805036127667595
ck_3f5e8f3f1df0c8c7,0.023163234037850453
ck_b1c51fdafcd80122,0.03632853328370844
ck_12e2b5ebfe8986b2,0.004361643834181756
ck_d55eb81a4d543c59,0.01059876883530019
ck_f85155ca5c312c7b,0.022331025497739625
ck_133d8a1ac7c0e301,0.8432105974680607
ck_04212a9bb9b28696,0.9957711299608786
ck_4cc11c7d3ca61f73,0.008349376087054598
ck_2df4854186ec515b,0.013596998198677792
ck_aa9b28e7fc43af79,0.6895529538024648
ck_47cad6c3def4c9e4,0.002795431603210434
ck_fbff7b5da8111567,0.004040811380664272
ck_bd25ea782e375b22,0.02135554576748478
ck_7989376f8cf64a9d,0.2684847464565064
ck_675c0ca1ebb1051c,0.008468117069116992
ck_1436f6e11d4008f9,0.012364773587846368
ck_812cb3a4482cc618,0.02506549719335271
ck_6e606f73a1094afd,0.021376827633912986
ck_1b708e2a4a0584dd,0.045740354375179475
ck_a60d6b324bae0330,0.01553767262057453
ck_706a4f673a9fda3b,0.626515210137713
ck_a75ece9a9044eed0,0.004228624911602982
ck_9aa45c4e03c8c57a,0.015486550657667346
ck_9fe9bdce982b312c,0.012064753053742725
ck_c6fbdc5ba68a8466,0.0867389567791198
ck_ed0cc1b1c28f9511,0.024483375306285558
ck_a4e2607b4c8021e8,0.000843208148610738
ck_e02f93f51cc8caf3,0.0037037861332776902
ck_7084ed3cf20781b7,0.018334251873217803
ck_cd4c63155570d6ea,0.006886846348314687
ck_d1b9e5d32d2d789f,0.0033210724553511266
ck_68f56f6560a7a933,0.01288091387385958
ck_8bedacc6233c6269,0.05231494580791994
ck_ab7cb50407d6b13e,0.028489988387138218
ck_f17ed7e0fd687742,0.24611081216243072
ck_b0fe4b92fc70f72c,0.0019039142880446945
ck_84d62b8196da2452,0.028238526798145213
ck_9e298cae167f4693,0.0021746480094674337
ck_405b20ef9ad0ba5f,0.028526655853256973
ck_813e02e1ababd177,0.01846800692389913
ck_f234ab47061ba7c0,0.0004908962967058324
ck_22b587c18363899a,0.03679170190230006
ck_4e862c2f48c38aeb,0.004197620899914596
ck_b89cb90a420c9075,0.008732071087292527
ck_be2251640f27a3c9,0.09912434934291815
ck_46bec0bff167ed3f,0.03032671877247752
ck_c0032232c2868328,0.014602086297561948
ck_030cf09525dba4ba,0.005476832905852949
ck_6ecf56236789fc09,0.8999431286618045
ck_38d4ed52cbe6d123,0.04314653801688219
ck_2d923d957ffd4d53,0.006800748569557723
ck_3af1eb88728ed8c7,0.03681680527703837
ck_2f8120ca80a1592c,0.01158288606243268
ck_6cabb1a133f0b151,0.00790927126778007
ck_bb6cf7e7b707731d,0.7591547708540559
ck_c8307fecafa90140,0.07134354405191257
ck_75f968be67f46d24,0.02947098598260721
ck_df6fe4ec5a233213,0.0025435918430877663
ck_b53e88c0e927d896,0.0007573196410678775
ck_f0093064aa28f4d0,0.062452602034147674
ck_ec9976cabc63ff92,0.01630124820836301
ck_30dac0a58c5590cb,0.05437655691210937
ck_348a525791ae6475,0.040271692434595004
ck_b898d912d1181ef9,0.008108844123486447
ck_f5b1200dc6f95760,0.03747198501850018
ck_54978a073e7a0b1a,0.010084755391067266
ck_55933936536a4071,0.007364619262141939
ck_d6ba7ffd2ae08863,0.11299792277287911
ck_404e2217fd87fdd2,0.004527944775682904
ck_dfaafdaefa5716b6,0.01647285632954509
ck_556c62e92d4e7e5b,0.19487821707526454
ck_7ce44f4e06d58111,0.06843076852533808
ck_465cb8ce232c7670,0.006564211586334008
ck_237508ca4fb37268,0.04947938880004211
ck_ba4a6b9aa63964ef,0.030105374665621926
ck_4802a0a7a1882c88,0.2783290930227116
ck_9478dfe4114c30f6,0.01343102676228125
ck_5138f6c575dec64c,0.022181675983776065
ck_aebb42afe430e2e9,0.008099166218185648
ck_004efa95555437e9,0.00417653000438134
ck_11af112667c98394,0.009161314133200354
ck_44e9a18a8645c9d3,0.002580584489322731
ck_2605fd571219e28d,0.001547001622162839
ck_dfc933493561d84f,0.021401010995891093
ck_67674348e68d1f25,0.005808178181864684
ck_dd97429277a2fa00,0.05821268294261526
ck_d3eab7a06eb48348,0.032867310675193356
ck_0b9fcff9667ec05a,0.007143221270803835
ck_fc4bfd6e739bddea,0.002480859853964449
ck_43292f70a03ddf2b,0.015902058600572803
ck_5ff6108056a3fef5,0.00486140932292575
ck_767e0be086b5f601,0.04821692386609566
ck_b8465b1a5666155b,0.0158347660742415
ck_ab2e3fc56f5b3aae,0.06660769102059147
ck_1833c81d693c1e07,0.9544513877260354
ck_0308e0602b856445,0.00155582074882077
ck_ccbdfe744acff8bb,0.0070478425967672315
ck_b294aa27a0b586d7,0.00634696452196087
ck_a3747201f377626d,0.8730649529418592
ck_edde1d7d1db24725,0.07145176971750583
ck_ae3b47d6e1063704,0.004796006172457725
ck_3aabf5e0f4defb41,0.014620077191295378
ck_f034adb57391f3d7,0.008745348323243876
ck_533672fb40531607,0.1533657663329945
ck_2a244f1ae08ef83c,0.08129074888510816
ck_a35d81bcc54ece2f,0.00916022363643324
ck_78a61215675b38f0,0.03805183497023786
ck_e013d88ea7939616,0.021166187805164768
ck_e5018f9418e0102e,0.138425865506127
ck_d4e024fcda401a31,0.004176127267700576
ck_f736cffbdb82db34,0.002102488929480145
ck_1507f5aa50cdf3a0,0.018086526541474905
ck_18270fee7c8fcee8,0.002758243714887743
ck_95ffa1a805a1c9d1,0.0009158413613296549
ck_11132d245b94d045,0.006094173465071023
ck_7b93a622e40d8b14,0.037758800625761736
ck_3854c08d17704347,0.04482074535969759
ck_7717fcb100dc4b5f,0.022628146005039314
ck_ba54e0a1c328119b,0.0937522893086451
ck_a7afdac4ecbf2de4,0.32435859135181677
ck_ecfb771ed2352085,0.017952601656502847
ck_68be4fefc85a6b64,0.05843691494800811
ck_dac7c50bd6d0148f,0.001090206463945962
ck_87cf36a03bd63c24,0.16241627246903753
ck_8adb40b168b59d7c,0.014518109145976652
ck_8d2f62930777416b,0.08510200778675588
ck_9958b58da9e3c21c,0.013365968849643192
ck_9440335375701f44,0.02123465060045696
ck_e2f88e202b6f700a,0.029176432019071684
ck_4c7c50684827a2cf,0.0061949624234701765
ck_8a6ea4a79b1c7a8e,0.017966297566862154
ck_186dbff4b24a3bbf,0.0877194150405649
ck_220fda3c11c59b6c,0.013994356439125343
ck_3acccc69f8b1fd14,0.1507715332364046
ck_9de191bf79afd676,0.011869693459165156
ck_6de6b1663f9457f4,0.004308357962455282
ck_062754f8b79b86e5,0.002309004088581588
ck_aa153a89a52f7eb5,0.037758800625761736
ck_34a6bd3be642f15c,0.01884969235007662
ck_9371c700d9830326,0.11539806206331331
ck_a99e0c258ad7576b,0.008028841900803944
ck_0a7ba51d626e932a,0.09934911488646038
ck_852c50bbba1ead13,0.018897504036197926
ck_43dc13b6b6d31297,0.03129758985513493
ck_7d81b59d615a6649,0.04424854788671925
ck_39a3f1da060e88bf,0.006686325381226038
ck_6fb2d142c09ed3ed,0.10816279640478971
ck_6e5752b87324b58c,0.009352272586491277
ck_9441d48a12e8a4bf,0.04898946747749909
ck_09e9c51eb538b255,0.002611554414276385
ck_8d0cd981ed3a183a,0.01520483004570312
ck_57c07c45269ca8c0,0.011066396699004648
ck_ccfc9ab888ba933d,0.004707986669312469
ck_9658a6ef471053f0,0.0028077907977792364
ck_dac3852758f4ea89,0.0012990590402645367
ck_b1ed2278f5f14d82,0.06837480459839493
ck_333544d173524f70,0.05760305247088969
ck_fd4582e3853ef23f,0.009126388232725281
ck_614d936cef98db04,0.004394272592003305
ck_6bc351a3d57aac54,0.008277741900835404
ck_af5842fa7202ff25,0.01975516470641616
ck_81307759252571be,0.009003494264077488
ck_b4d2f02d2cd45720,0.27248279174822027
ck_1bd753a4681946c8,0.7446339537795249
ck_46d8c029d46867b2,0.006033610187365773
ck_b7da6640fa2f49cf,0.11251230239401919
ck_9ea3d5a5a91fef9f,0.06889878441594838
ck_7b922518f667f76a,0.0021931306644421785
ck_2a5b31594206eb30,0.8195752185639557
ck_d9506476ad3f9e08,0.019859674143361532
ck_c8791f7ebd4d93c7,0.036472526077268023
ck_b5a3e20fd210017d,0.018498776776774053
ck_8e54386f4fe22cad,0.012423054315381415
ck_75296704f5806f56,0.03189992394640665
ck_0fbbc7a6af300368,0.0010073161417796437
ck_d19bf4dc0627113d,0.0014161112611440485
ck_7951bd4eb99a0175,0.0008269921741040376
ck_059e4fac6b7f704e,0.008104264614264632
ck_2ce8931af02a2ce3,0.03719921274278075
ck_9e665618a4860306,0.0019416641916098537
ck_6fce5a893613fd2c,0.001058114194275536
ck_9e3fbd04e3532f32,0.03696486997628458
ck_55f2ef0de3420e3e,0.01715903423388072
ck_8d87658a6f5d204c,0.35857865530051714
ck_6d6ac1f5dd882aa5,0.0005569364862175007
ck_55d0c7012d7ef236,0.07281025269210328
ck_7738eb085e5753d6,0.018253304003067496
ck_0e6e05c3cc8c8242,0.006940041730905973
ck_8d27ff8383d48132,0.007649836040990942
ck_9afc3bb849f3a64d,0.032773252510346323
ck_27eb86a9898cdfe3,0.0020082915659194378
ck_1d40e4fc541abe93,0.07987243288312454
ck_4fd9dc00e1913587,0.6235275861774032
ck_b26cdb2b7b165d2e,0.006849477942924408
ck_a79a27767a02e31f,0.01721363995626658
ck_f0c18cb9f951a71e,0.04316062578080585
ck_50460e0189de6274,0.2919749567836269
ck_5e5280539257c986,0.010948775786402373
ck_eeb854318b3a6f0a,0.03202442525073129
ck_943f66f28dd24750,0.0008881881574177084
ck_984dd7452aee372d,0.0313859981407684
ck_ecaa6de0aca5e9a0,0.006371437569201702
ck_8f1cbc432e2774f8,0.011148422856106663
ck_d91d9f8445b9769a,0.11025227313672653
ck_73c18e03e3c7612e,0.0015813538072178394
ck_aded05ada490da20,0.011972672669569306
ck_f744e208183971f8,0.000303733600389306
ck_02d4cef6358ad3b7,0.005430958363449277
ck_08ff5bd467226a5f,0.002433964129770605
ck_f824b326d5089885,0.12307554135617502
ck_3420f2fd520890f3,0.0008890720365332962
ck_1838cf8d00f5b1e1,0.026367136858816264
ck_a85182ad90b6f1e1,0.004025352239425474
ck_fecb39c82c43e76d,0.012598584184369897
ck_162513e73782929f,0.007415293392052927
ck_2c27b77c59d8f23b,0.1343727806030249
ck_4221e07b17388fd3,0.021112093156122304
ck_adfb8472d5c3d669,0.034433781172291976
ck_0742fe64055d686f,0.0018133130868948268
ck_5060aefcc8b6f958,0.01843123092342181
ck_643f549b4ac78a26,0.15307047365992776
ck_dba767885bd6ad69,0.004182584386562848
ck_0dda35c0c64c7073,0.8249921020999484
ck_38ea56d43afa5660,0.021934863164157974
ck_d813e15ac91f487c,0.08780701967716682
ck_4c840e5585a7b167,0.042473861761952315
ck_cb8551453a7bb929,0.0036941627176931453
ck_05a00b1dd5a03359,0.019116436938173036
ck_837cc7fd48453a01,0.024775713067344534
ck_49dd816b31fba6b6,0.29191410202383616
ck_86a61d9a39768e87,0.03908372670529127
ck_cd0e76f0e7bb38cc,0.04609522837133127
ck_dbe58392635133ca,0.031478624149224636
ck_3caec7dd6f8d02c9,0.01385600710190397
ck_bfd9bfc5b6ab4a54,0.10674508204843602
ck_2103399bdb2898a6,0.018259718164314657
ck_329f7de7279e74c5,0.008115167534014698
ck_9bf0d28119fc42c8,0.021276149554647534
ck_f781539b1042dc83,0.0021526005523757955
ck_9986c7d781ac6b4e,0.016408144799233877
ck_a627734880aca848,0.0009185027502633018
ck_2106e509d77fdb4a,0.3240286798641542
ck_420d1a9c604293ce,0.013518519189580455
ck_fce0610c527e2b56,0.02090200043049194
ck_073da541ec3f9d3d,0.0068093706404646565
ck_aa5f3ab48c17fed8,0.17147028501675124
ck_0fc1086e1c9e04b6,0.014081415779588307
ck_5c33bb46c1a5945b,0.03622668430967353
ck_500948a8d4bd8e13,0.014400264753308988
ck_19becd44f2c3d2b5,0.004367995633895391
ck_7d0fe77dd5ddb656,0.02478479015213334
ck_f158d9e5f101bb35,0.032910256237263666
ck_cdd7c77823c2257f,0.15889225501837065
ck_6c7b41374f9b2e55,0.008819847522129965
ck_417090dbffb1a63c,0.048165235170141964
ck_dd0e17605f970319,0.01754506686595984
ck_3646515079e6be55,0.021919025926269316
ck_89c8b06aa8c84b2d,0.1376698436873761
ck_e4d6dedd97233c07,0.09091541612687941
ck_bc82fb1895fddde5,0.0021260580577474853
ck_88a8b1d442ca3686,0.01652081694349466
ck_5791f8f76a629a4f,0.04339641441098688
ck_9cf5e88e97c8c7ea,0.04161794907129522
ck_58fd684aa5a6f289,0.0005158091156752454
ck_9800c21dfbd8e811,0.0026329893918367276
ck_8ae64df60ab6ccda,0.006735956875730891
ck_e535fb0f0c00418d,0.18882901332027432
ck_48011996d54855ac,0.5184690338966422
ck_ac79c72a8fe3fdef,0.09005148024719953
ck_b8cc2df5192bc49b,0.030167042997086328
ck_e96a5e1f08f8a867,0.004408883738009877
ck_84df6770549e43fa,0.004486905012030329
ck_e5f7b99ba6ec5767,0.02648950117399515
ck_8347455ab53ff620,0.004614728436654216
ck_a84f2cdf695a71d6,0.004725838407973351
ck_90456160115f9ef4,0.002396311659880535
ck_ebd178b3f3a9c50c,0.029110718459647862
ck_e1140be6157bacbe,0.0017374550168925411
ck_744ffc11d32b96bc,0.004928000266577639
ck_e12a9f7d027e3387,0.01816152586343806
ck_cbe525da0b69f18a,0.0264643342835338
ck_aa59702537557ff1,0.009301825631257038
ck_0348cc6908f7f3af,0.0006407593098240558
ck_120e995d50956bee,0.15285290207137942
ck_9fcde1ff46cbbea5,0.0019813150464194048
ck_54b0b070689c50d6,0.0015241133512438009
ck_966a167758fddfd4,0.0401013668760157
ck_d5194f2e92fd6427,0.007719146342477133
ck_2ee84f3fa27f2cb8,0.004615883961692427
ck_57d0a7eb7eae2eaf,0.14998150561483747
ck_6a2c4edd82e10969,0.0007710216049431346
ck_96e4d38ef670eaff,0.013515003933115208
ck_52cc2fd5095b169d,0.013873910668515897
ck_4b088920f3a844c1,0.037758800625761736
ck_8f3ccbd20d59f1f4,0.002839824407279938
ck_e5e5dc431bed6f9d,0.013677802991187142
ck_e8b5bfa6838e28d1,0.013615905097048905
ck_4bfeb78b47b7c6a1,0.03872565132056096
ck_a705c61bd679496f,0.005437895034340235
ck_731869a0c39cb2fe,0.11472784430114466
ck_259eb102342057ea,0.0017433827065387658
ck_47a6005fabc33551,0.0032334920755603814
ck_682262b455a9edd4,0.0008355237786779124
ck_e839d104854945f0,0.0015209324982393736
ck_761989aa4c47d746,0.03501187327112878
ck_44211dc210139ed3,0.02241573057460384
ck_9915ceedf63a5289,0.04066412380726291
ck_da59ab47cb6284ad,0.0036684180358601977
ck_e5cdbfcca2456652,0.013714391857007947
ck_13f2560c6a1ec62f,0.016540215372564643
ck_a0543e9b3abe1001,0.04394151994528428
ck_11c7a58e09e6547b,0.014688495347650423
ck_69587a134d43a4ad,0.025364958669514534
ck_28dc0de0ae291f37,0.0295341850837405
ck_298922703c5bbe05,0.024697849716624466
ck_fa5ba9ed9ed6a343,0.02417310318633417
ck_c08e64d424e56c05,0.06237252613377483
ck_598e036a28262aeb,0.09201715188784576
ck_3f7c870510083a51,0.013868576022999438
ck_364f8203a3e98d36,0.7774771804064017
ck_7333cedb61506ead,0.014705284519034635
ck_1d96d7fd65f208b2,0.0052173366815334915
ck_63133a79f23e2627,0.04226012450584121
ck_901d820e0b72abae,0.0029559058722656013
ck_5dd80b3c01457bd8,0.015486456069660148
ck_c0b8067c144ed6c1,0.009217189792438137
ck_cebb8aa8c8f62c60,0.008638900975762899
ck_79749eca42ff1f5f,0.020541270876755877
ck_2cc1d9b587f6da31,0.32577107542271627
ck_ccc7916b56d42195,0.004033171240177073
ck_e43e53cc7b8b8e41,0.02254560372150839
ck_4ab74a6e7450416c,0.0016476131020704164
ck_6e44024e9de301c6,0.0028413841944641438
ck_dd78cb6ae2866cc6,0.020061197595956887
ck_c363d3b050baf3b8,0.2813374841099405
ck_2d46291975f0dd08,0.003160183016294138
ck_76ebeb5aee42f041,0.037758800625761736
ck_8395f004cf4d4c08,0.0026889367477674593
ck_de7259c3741db179,0.01317985319335472
ck_3938e92585df2b34,0.018899141799215025
ck_af69bfcf4f07d932,0.01518395143396352
ck_1723900ab9afe374,0.11098917200016988
ck_3d58628d1c853c8a,0.0034428469011848193
ck_12a074db100481cf,0.04506803393156112
ck_8716cbf892c50e29,0.010834608685732718
ck_fbf7351958ad9615,0.006293941360118855
ck_a50370907e6b397c,0.19444526634056555
ck_937402a60df0821c,0.001404573945907855
ck_8ce9c5807acbef48,0.007841714985710017
ck_acf7d65eaaa4c31c,0.005900409232961296
ck_ec3eb6dd0967cac5,0.09012872397629654
ck_fc832b0c90c9bdb9,0.9620994640190191
ck_8129e81cde280131,0.0071689879820106255
ck_52c0ef68aa2fb8cf,0.02989349917345891
ck_06f042e9b1b662fd,0.07626763658377672
ck_0bf35dcf7b38f650,0.0038067643558208444
ck_615763afc2e17a7f,0.0006499273235910869
ck_e72db9d4b2fc9997,0.9770201359790321
ck_13757bf0eeb353e2,0.007578454176679271
ck_abaf371ec8249c4a,0.12976514734535555
ck_9b7167da0920c37b,0.02424881794767425
ck_2e824b0b27494a17,0.04227522174598904
ck_9a0b605e9c3220c4,0.03267801749687969
ck_a5276af466b681de,0.003538333352131407
ck_9e0383e1fb6e214d,0.018617561423414742
ck_6a27c44b691dbfac,0.0017750232451341152
ck_af39767cf583905b,0.051908263456431236
ck_243b1b9fdd3f9a74,0.0014038320678476466
ck_c0422e638a9c6046,0.0556522544272627
ck_e0f3ea3373dfc4aa,0.020690128704160992
ck_d56ee1654378ffc7,0.020140494747999824
ck_20cd2f5666719baa,0.0006497292702485267
ck_4dfa1c1e9b69fcc8,0.01500260413387967
ck_5d22e9ca1d15180b,0.855986019664343
ck_f4a7ac178fd55f0e,0.0031515019291074625
ck_fd5609bd23a1eaf8,0.003210148169249768
ck_49c3bf13dc9471ce,0.01306701173525507
ck_724085c3452d4693,0.2403953088207471
ck_e5d1462846154a75,0.06938242778091629
ck_c69ef0f3e7d6acf9,0.02424558632506157
ck_a2d0417791d4132d,0.0241849241922704
ck_00a07fc2a9183c3a,0.0027726416815711924
ck_781b8288e54ba8f8,0.049751927518446336
ck_d74a62ab3804a81b,0.013955324897070923
ck_abcbde211b6267f8,0.023408357095497205
ck_16dbafc035574654,0.00312204459285207
ck_018f780215ecaf38,0.00484897737530003
ck_0b259620eac51618,0.00766248730920361
ck_4f875342394c110f,0.10641416328836234
ck_399e45e5fe9beaee,0.0123867523154396
ck_36224a2d394ebfe4,0.025521950379939547
ck_c189b551bd111332,0.0007103275629901593
ck_125c5a720ecb177a,0.10600182944409851
ck_76d010aa02eb477a,0.0009062249116515572
ck_1071d14c46c92379,0.6917563770085995
ck_61d244b2cde483af,0.011779581872701974
ck_2ff1860da2004c84,0.0014029144468436334
ck_c5b583490198672d,0.016176255492469014
ck_1294f7af22fade11,0.04895049404351758
ck_e3a22799716df39d,0.008149861454378893
ck_c77e22834ef97005,0.31587255286969007
ck_73d3689728270a2b,0.001240677739318951
ck_295565fbf77ef885,0.006185378513053129
ck_80c0a7f54ff4895d,0.010180118355564939
ck_f1ef5cf7f10b16c8,0.0189590089021591
ck_a958b2461ffc21a2,0.16995268041751957
ck_0e7899a57cd617d6,0.0015335800860405257
ck_9d4fed252718f58a,0.008406205907544
ck_83c2c34add971d76,0.00201515665284892
ck_9ccc030ba2de9fb2,0.014571762580906727
ck_cd691e3466fb3742,0.006145450990506067
ck_49df70f908dfd069,0.10884957629428747
ck_362ce13eec1e33a0,0.007312471883748327
ck_2452a30397dfc54c,0.006391801976218154
ck_a443d49c2b4863b0,0.01270183860251732
ck_c8b2e2cb349dd0ff,0.0032176094906960595
ck_354909fecf5da8cf,0.014478840516581382
ck_841f598bbd54c83f,0.010812661572417448
ck_cd6fbd4e8724f994,0.03703170494726686
ck_e0b3158111370118,0.012873836623644188
ck_4c2f2eb657c2c60e,0.0028434019914478103
ck_ef346071f0b7654b,0.0339849496960384
ck_f3bc10e3decefce4,0.0050899698507464635
ck_189b6fbe9b9192e7,0.031516818639502175
ck_5245cbc5ff4d4fa6,0.007410054393364772
ck_cb42e3be6fe87f60,0.007192358181727365
ck_966d4d713cbc7792,0.0005994570147669045
ck_1c8c969667cbaab2,0.14345572477711707
ck_d35e3aa9ef5d405e,0.08595974700809048
ck_a1c39df50a5873b3,0.04142235613900354
ck_a152165caf295b51,0.03919113206293564
ck_891eaedae139828e,0.006540259870161557
ck_1a46b56f4734d52e,0.0020274496462769406
ck_5e36042cfad96c99,0.10047274593049951
ck_02a8582c2603e675,0.019179961292730578
ck_6def9d0429e4ed4b,0.06234133186771898
ck_e137400825a1e3e6,0.0096280227555093
ck_d91ab840848a54fc,0.0008465065783508322
ck_becb6e1c608e0078,0.003711890165963013
ck_6fd8c86ac719d7eb,0.5298447808259809
ck_3ed4d13f12fd9d0e,0.02530557263442579
ck_007337aa99a4891e,0.001671661851552691
ck_60c3d8306527a08d,0.0005237246820518785
ck_95458880a54df0b1,0.3373225600075964
ck_b48cd8593533fc1d,0.8334291587663428
ck_021c6a4a7e3f1f0e,0.002292663810088868
ck_764d40f865e710af,0.029335711521771928
ck_4b84357ae8ec7777,0.008507643052520223
ck_3397c7856b4669a5,0.0009489870568306064
ck_920bb003b42e6310,0.0019950707796084345
ck_8f59f11b512d5b7c,0.08031907755227921
ck_a3acf4b986afa98b,0.4387984635777518
ck_e89d25ed7bdeeaea,0.008930734880450604
ck_70e6bca473bf6902,0.01713106842605294
ck_186161ce152836f5,0.005551938213993167
ck_9191579254663f5d,0.01694283508550448
ck_1e6628879e9d653c,0.008984699958251137
ck_b498fa91a0776ff6,0.04602057697989876
ck_cfc2384f22954830,0.2515145649539708
ck_17673a1c2867888a,0.0014718341042581726
ck_523dce06515b072d,0.05839870889715077
ck_c20638a325ead2e4,0.0010126641197183448
ck_d3877e1f907cc148,0.03721201448365012
ck_e9a2495dea8675e2,0.031511844774018256
ck_7e561caa5fa1f3f1,0.02035001645080487
ck_455672e652fe1abc,0.7521486111368109
ck_7f8f864fcc90ca82,0.012009702338144176
ck_1ad36046aaeb816c,0.008099823824457656
ck_de056e37c82e8e00,0.04297035585644218
ck_7484c214c889fe7f,0.010841760925107745
ck_32430e678c4f9f53,0.006651842078779104
ck_6276ece8f80ea799,0.007551413344958788
ck_ae8e5dc4b725bc25,0.023530376880090485
ck_f01be92dc78a2dc7,0.01894769180271835
ck_233397a8bd40d38d,0.006525014072254234
ck_f8124911450fdf31,0.7566446186988897
ck_aa0a3179f1111674,0.004910764023211447
ck_2366b29ed9887a5e,0.006157592938073741
ck_1f22f04dfc08cf27,0.006738486822974417
ck_b62276c3426d680c,0.008355216515956235
ck_d099fca88691f66f,0.029406675960901713
ck_166bd1dcbaf4d6fa,0.0008146003392506763
ck_7b1660e942436e12,0.009772506064163296
ck_4a9a791a1d409a3d,0.024817544918113103
ck_b003e5b54df65db4,0.01914095018275783
ck_64b4dcbf436f0b75,0.008855159843620323
ck_26e9a7bb2061a58e,0.019207634677421873
ck_08b77ad5f8f73007,0.0039996303664790395
ck_366616a725afc6bd,0.01592382877888884
ck_934fb5064b6eefe2,0.0005673554417018742
ck_c6abd5d57b1009d2,0.005906495986029792
ck_edcfa9e1cf29d813,0.04093932998203818
ck_c30201ebd003fdc7,0.006163412550719364
ck_c54643d94d3ce355,0.021434585364907395
ck_02adda6e91e49650,0.04244684808156852
ck_5b73d7c5255e58a3,0.24658406663061533
ck_129ffae92dc01408,0.002063433561739816
ck_fa321945ebedb916,0.06307259387172619
ck_8da980cb2e1e2bfb,0.0035185091786803335
ck_0576b00d728bdf19,0.1454805125501409
ck_c543d82e22b3c8a5,0.003932412338187879
ck_0027ba644f9ae2cd,0.0935057337343373
ck_8dbf61df902a6bbc,0.005971454783553163
ck_90eeca1cda79fd41,0.004558198156954636
ck_86d7127391d4e01f,0.0005705274993340595
ck_73762038c7ff2f6f,0.005572794194642572
ck_a1484e6215fac651,0.18160158516488106
ck_cb83b9f806e90dc6,0.04900444612375045
ck_8c6f059c95872126,0.009669677295144926
ck_3174419a81e7caf2,0.0025922129065782725
ck_6a0f8f8fa4a3c2bc,0.007795678433394224
ck_b5777605668bfca1,0.0021483557066979846
ck_27e4de495abb4d15,0.003068489529190148
ck_7f6fa79c7a107161,0.008912883527503357
ck_c36ed9f8e6792ea4,0.019469032206519438
ck_67a1aa88d2ea554a,0.26360145008222696
ck_09748dfe4df3d540,0.002193307573458391
ck_27fd85b1e38b675a,0.003977760167037805
ck_2369689bd795ee10,0.009866198996554755
ck_4eb1c12f7d092bac,0.0023199498437261024
ck_01fbafc42c8e33f5,0.020210770992553195
ck_93c4e05699b3b7d0,0.007993359591554384
ck_afc484d1b6907983,0.0036859607823596895
ck_1b2d9cae92a1aab1,0.11289148692511217
ck_73b729cb161487f2,0.011274585701198265
ck_fe3c1d0ac090d960,0.11119660476449156
ck_408efac1d3885ff8,0.07544038189214153
ck_ccb4dd9d0a48a76e,0.005187607877300808
ck_2987eab34ca7805d,0.04675227669537172
ck_1dbf1f15193197db,0.23345629829235448
ck_4ed711fe4053e74d,0.09258976441000466
ck_6c54adce174f45f4,0.0070507821079866615
ck_a6c740041faf0bd5,0.007251462459826622
ck_b05c4d33c4f43639,0.018003236477242366
ck_032880f1114dd51c,0.026555275743727708
ck_22311b037456a76e,0.0003928387815809466
ck_5866b413549765bf,0.005006552825778341
ck_0e808afe2570ecac,0.07535031125672696
ck_634276b05f4381f8,0.02146765070113071
ck_5d8773badd0d4740,0.015024793345550983
ck_82b5b79ce3517102,0.8738280415183945
ck_b378b8d8100ee4b1,0.03776316358762981
ck_54e581f71be5430d,0.002258180359757919
ck_798ba4b8aa544fea,0.0034329428851018313
ck_3fe86b6331ff95e3,0.36781178377704943
ck_81275d9d4c559e6f,0.018090677755783127
ck_99a4e5ef02d89493,0.020694247713506544
ck_54e2eb018d947790,0.014476059908839631
ck_966901ea9c77cc02,0.010501885309394625
ck_27d69ff4e0cb428c,0.0773206472631121
ck_2cee2dd7bbfc09a0,0.675461420274506
ck_4136b00924695ab4,0.0007506286032147456
ck_59a164c40c03a45f,0.005515316896538989
ck_3e24b026bc66789b,0.0006551529756094338
ck_8105bcf69a75ee47,0.027252662771443194
ck_7a1782cefe26a456,0.023394496054430437
ck_970c7dc195161272,0.0005787786708580607
ck_a48ec0c00ae20e82,0.08318942440025584
ck_54b374ade34e1dc1,0.0029269424487652503
ck_74e5dec189761d14,0.0023481579168239926
ck_4717f24f2c6f40e1,0.08052390035666965
ck_fc8cd8a8209e802d,0.005935911119048216
ck_71db4131d7efe218,0.004380964152382561
ck_45424ea6f0bc4650,0.20979215032742313
ck_3716c6181a5035bc,0.02955827542309374
ck_26de14b96bdad4f6,0.009684857959670055
ck_99c0a41ac9c73857,0.001052776402106955
ck_645f15bbbcff3b4f,0.981768526521546
ck_b7e25ddd41514d4c,0.004872422524336893
ck_d5c14e877ca7b755,0.005211041552120395
ck_05ea4440dac6cfad,0.02316995600083632
ck_c58bafff7b1955cc,0.0192667229406841
ck_f0cf85b67a9b840f,0.02826305520195753
ck_ce1500a7f0d03fba,0.009220954356945664
ck_d4972a775aadbbc8,0.02421531607959122
ck_3eb6146c262e0fc3,0.012530490271955193
ck_afb23858a4ef42ed,0.9905571872826052
ck_2c1def5c91c52a5b,0.18441106821330752
ck_72e550559487b919,0.003175051549840158
ck_0284dc2b4f856b3a,0.024112272734427672
ck_03be334935e999a2,0.0066906546545009585
ck_e35a4b4a3cb4cedf,0.005459057512608723
ck_5abe57dfff4b735c,0.004546560154614293
ck_f5f87f772388efa0,0.025230886002177405
ck_5a22cb36d612236e,0.0021371877239435106
ck_8ff1e6028e764472,0.21663700945877676
ck_2ab28149b0986642,0.046471181663969845
ck_c88fc1bac79fa6d3,0.18492025554056102
ck_5b137d74bba6b1b4,0.0011799189435333255
ck_11f362dca2dfaf5a,0.011131366040746219
ck_7f960541e5174565,0.002080245417917437
ck_d5458ba39ae94498,0.042585385549132174
ck_0a921a73a90c2e39,0.04748458765504195
ck_6ad56ef40086dbe4,0.005551938213993167
ck_b68199ecccf2350c,0.0002994857373086762
ck_6dac66c8198c07d8,0.005589434685153929
ck_9b9ce7bebc235fe8,0.0021357066932945912
ck_6b817117d87063a8,0.006933080090791128
ck_900d62b3184378c7,0.007732249598134797
ck_eafe9b89857149b5,0.007415984181159245
ck_e74716a525ee5b24,0.00398473264378399
ck_4e9a6f06ab134102,0.0065493544559547265
ck_b0d33b5a3716661d,0.005873116810056944
ck_8703543bf3134306,0.028680254152196678
ck_923d6a0f83accef1,0.009831351995043466
ck_52e37e2170532e2a,0.2979220907573768
ck_c1c5ea839c58958a,0.05417204576581157
ck_660f0006780e87e7,0.011762814842956798
ck_830b2c5d1818ac07,0.004648211519867961
ck_b080ff636932d1f1,0.0005029791756309035
ck_38730aace405f2ae,0.9903587754181095
ck_9790138467a06223,0.0010597782599021052
ck_10de0b0d86b17839,0.005241324786659305
ck_c3e37a4d3382c32e,0.0013238725785741031
ck_dd8edfefa1eba531,0.0025716745620679078
ck_8153cdadd300d234,0.0006800927054711889
ck_74d0e7c2c6b63d36,0.8965704290719331
ck_c478aae3031bb328,0.0030766250079205678
ck_cf301f2194975866,0.007352138723663467
ck_f4de03f44e3a5bd5,0.0032864371835783063
ck_b06ce826e593b210,0.07725907519377276
ck_2fc70b6baf6a0e26,0.005679074509932971
ck_d208494cf5c90047,0.15270678729552634
ck_086d29ccae565e5d,0.001497564247401944
ck_d5ef6dc116dee408,0.014693112457459618
ck_fdf0c5b722d83464,0.0052211259224702235
ck_de8494b13adeffb5,0.0047911605848991136
ck_556786868599143b,0.006156096275188524
ck_4940e78cbdcfecf3,0.04345085239937013
ck_d32fbbfe32c00416,0.021381135397790154
ck_bc7710f7e9fae649,0.0021440963984929546
ck_416f7ac57da081a3,0.05607560602730687
ck_6fb39b60c67d5475,0.0015853709275205103
ck_e40a156511345d6a,0.001351650664743011
ck_49ab879b5aa7fccd,0.09168860510379336
ck_bb643194d1cbc47c,0.7802868698850868
ck_b3ce8f1bcedfa043,0.022706320385533302
ck_558ebde8c29132a4,0.023206244375959095
ck_e6222925762273b8,0.07396383450513705
ck_bd80546b4807dd59,0.013905991104244486
ck_bd21164bd2bbb635,0.10924935304356959
ck_ea835557d7043667,0.009496541452469915
ck_1411a80a157ff39c,0.014171311601108957
ck_ab973888c20c9120,0.026777486417597147
ck_95b48972061abe82,0.008973745448888248
ck_fc4a43f8876bf10f,0.37382382617435983
ck_f34fb7ccf82f41e5,0.008953674426045197
ck_5af9934a56801ac0,0.012013364129315626
ck_fc7445ec76389a58,0.07592358445353119
ck_1eeacc26f02fbba4,0.04724571564451371
ck_4f325dd15c9bd45c,0.041408610558967655
ck_5009a6c8bbaf15ba,0.01971682646662536
ck_0f3de7f074bb33af,0.0022002167557426387
ck_2cbc2f93a32eede8,0.023733570435201738
ck_4bb90a61c21a303b,0.011239828581623574
ck_3ade9eac7d7b0dbf,0.06819238196566908
ck_4859a58629622915,0.012404550909518282
ck_5fed957287ebca03,0.0012363416862767145
ck_ec01ae5351500355,0.0036073084196445527
ck_703b41624ae6a5b6,0.007571870209460537
ck_97c38e7f61c27e47,0.013089566886043862
ck_db2c0908150cb2cc,0.07720658033708777
ck_64ac5e6fed86ab60,0.3278452691531014
ck_da1c853b0a061e83,0.012391771816070745
ck_9a36916b60178ded,0.7414031916485747
ck_3715bfa7fed2c675,0.0013270001841319795
ck_dd3feb77d7d4f6d3,0.0012920269476920376
ck_982ebb24174a4ade,0.005331288353115349
ck_f6b7a10d47dd9a1f,0.009824927935614153
ck_1f56fe99f250cdf4,0.010261414888808836
ck_deb3ac0606d6f6db,0.004281249515916052
ck_e666629e5a41b39b,0.006745374887702433
ck_756d2c13d02b3e09,0.016307051739163837
ck_7bc752ae7cf5d55f,0.00825914811544628
ck_fc0cc4b25e6a8194,0.011386388687619821
ck_9b2b0e286de78a1b,0.022837894820682457
ck_24b0803447211bf3,0.013710437631815042
ck_82eed68d05a42128,0.04858112192426816
ck_c8a03c516ed5b05c,0.0706592394833856
ck_e914974cee1bccb1,0.01158405620798884
ck_0c533ff2d0f9962a,0.02103444876290489
ck_c12805fa5d970a83,0.06051961331910641
ck_fc2cb29918631f10,0.08066345161594562
ck_c20e89afe575549b,0.007045736988733292
ck_e1ff9e31becc27ae,0.06519223215755632
ck_18116d0ac08f1996,0.7434303557162275
ck_885a83975cea5e64,0.0008025700634355163
ck_a0c3059a959ba5d1,0.0992863281587117
ck_75257ca7d7da2861,0.021982685630971437
ck_2210f7a0d13bdbef,0.02607892632964137
ck_9cbd9ecf8374f65f,0.009483423219868595
ck_18f67c00ba21fbde,0.0032864307194654238
ck_2d28f14d3973d8fb,0.0013842638842121815
ck_8b3401b44aaae728,0.003918509261254791
ck_9d8e9ef37797d3af,0.8361478104591699
ck_9f50920c894f64e1,0.027203208805481414
ck_4737e0d56c6fa0a1,0.028883706988434697
ck_52c311f29ca3aca9,0.0016143692821558922
ck_6a4981bc721df37a,0.037062877757715065
ck_823539d936c55fc6,0.0019467017810255638
ck_df5aedb4118020bf,0.9723408112170325
ck_a911a066ff0f7b56,0.037758800625761736
ck_684609767df4a14b,0.1726804362664721
ck_f2350bf355dc919e,0.0033248974405188283
ck_8452b6cf97c65a5e,0.02198183000905099
ck_084cd84501012218,0.8930677887200058
ck_ace6b72e5bf3e93b,0.183557340833759
ck_2afdd69094c955c5,0.1679344014408167
ck_fa7d5be26bf7b31c,0.30755147172015773
ck_4b041217690fca2f,0.021966621580281318
ck_9fb8e3d38cdf276d,0.8422318800493029
ck_c1ee56d65a42f59f,0.03373538611300662
ck_fdeaa1cd085691f0,0.023435370995278232
ck_5de33a7a87e9aa62,0.020064767392476826
ck_7476e7fe1ff45545,0.04243388493218653
ck_b0a947b498e47018,0.0029017798218331204
ck_e3894ed88a7977e4,0.0021631173663898035
ck_c7e07ebfb0bc15f6,0.03376658865598606
ck_3a3daa8b376f2a18,0.0012673109103266368
ck_87809324c2675b0a,0.01959602177025286
ck_7eb4f33260f1dcd4,0.033686047592726906
ck_ab9f0e08af030060,0.032141082884961376
ck_5b8fc4a76f340797,0.025049472365526886
ck_0e7bf10ef49aa818,0.27992867565460616
ck_a44462a3853ac67e,0.8777975779242989
ck_2d14bcd2e0fc043d,0.004694277121466144
ck_df1f2dba802296be,0.5404297250519992
ck_466a7316eaf149b1,0.018015467429718615
ck_50df50af592b0c06,0.004413576224941921
ck_5f9e34c849704b95,0.0014763041060803148
ck_7836bf6def26aa87,0.0028571237045819705
ck_ba175b1bd8efaabf,0.003917330844524675
ck_1a0aac7f7b94b1be,0.23463086250670134
ck_6768c4b2aa8ce586,0.016640463236480975
ck_eefcf0ed15897898,0.012779446508563025
ck_7a6cb27e390b6ceb,0.0062166540812259126
ck_5275be4e1577c1c7,0.004087779066522778
ck_6bc0e5b8c0b7d2bd,0.009826306503227073
ck_4874bdec79f9106c,0.019941760335345216
ck_a678731156ad7bd2,0.196550158234175
ck_db906debc36a5d1e,0.08963590844476411
ck_e87897767c612942,0.02722706915911595
ck_45ed5ee496ef8a67,0.007572150069580061
ck_ae20e28f9854f3ee,0.04008647230931165
ck_9ee044b73943a90b,0.013602776779717546
ck_dab34cf6f0626c9b,0.07904942005597372
ck_64a02b7b96149810,0.0015288768310437889
ck_c417d06f3e94685d,0.011522619169199366
ck_3e0149cdee4cb294,0.014378330650321056
ck_0e6046fc30f81705,0.0041190613795596505
ck_c383aeabd53e9c89,0.06976496593208209
ck_2ef76f1f36e8b869,0.045597432371378775
ck_43948784650bb9ac,0.031495296896678224
ck_bdb966f43ac350ee,0.030904663648518592
ck_5bea0e0ee0b094cd,0.0019646595476834894
ck_dff090f03ca5529e,0.003364403186356096
ck_a4691b57f837d88e,0.030213982931854358
ck_99ee90946395d74d,0.4582471919355912
ck_cc81dbc83a8879fd,0.0028685214157617308
ck_f3dc0725621b3a35,0.0022564380083431443
ck_1bb212d1288b9689,0.05487026837228506
ck_9e7278fc7679f002,0.048215012594189574
ck_3ded7a8720d7e311,0.010058536109130285
ck_798157bcdb9453e1,0.006298585449855889
ck_9fba80f56f357fe1,0.016194386899907223
ck_f1e1c8491f16f912,0.020103038670089148
ck_7b1319a5ca2f63c6,0.9666795309715087
ck_124432fd5c92af7e,0.6788888441019035
ck_148cb0c723284dc0,0.009805669209052436
ck_b56c62c950eda009,0.0019202800351099721
ck_a0498755cd8d7188,0.0011288643694758562
ck_5379452a9d74efae,0.002225748823208862
ck_6c2453229d608183,0.017018559880665713
ck_f9d8b4813a88c1e6,0.010770724644618014
ck_c2c7d1e45a521857,0.06486829974532761
ck_4364a83a11743888,0.007341038376866771
ck_2cdf5fd97ba75e06,0.11086533781082053
ck_71bc01291e0533a0,0.0057784290957976275
ck_a725d7aed2a0bdc2,0.0009094225818391812
ck_a9b0c4dbd7db6a91,0.2906922924724841
ck_a4258806a533efa9,0.014712297607355188
ck_905e460591d9a278,0.06835380092048797
ck_20de8abfd8960ee3,0.025135969162283334
ck_252b0a0f1119b220,0.0016290995780265597
ck_95e4bef65c36af1a,0.0010037752617848034
ck_5ab68b434ad53fea,0.005611737002164176
ck_13677a1957078827,0.002590098696914241
ck_d251e9fa09e542dd,0.9961423814612432
ck_700cb620f300dd47,0.0039040870183673225
ck_39a68c55a1bd3ace,0.40958877561874035
ck_61a59a7944d6c53e,0.11824947392854164
ck_db6d1c6d31da967a,0.002528632752418347
ck_650020c500b1b50d,0.025942350461962804
ck_d812eb6930192793,0.0016484729926952407
ck_92f6ebc11ebca89b,0.09296014483234355
ck_d87e26eb5bc84b01,0.004259150271600201
ck_66439e697695224c,0.0010239798773017774
ck_f21efd504faa654c,0.003171577804002084
ck_15eed0f5652f0352,0.004389481552022333
ck_bcdbf57d98dc0d27,0.01732193411287715
ck_873ceb8004d3a9f7,0.035085397054523494
ck_70bef9ddd4bab005,0.0035402578871927748
ck_7560f1891d66f294,0.002259104034745187
ck_f439f16f8693883f,0.03099978035546204
ck_14f9535e53f9c7a6,0.006352851169551301
ck_5984be472d2bc267,0.026037517251473217
ck_ed01be7504dc4187,0.2780140715540186
ck_dc3d8b5c17b67ae9,0.0028817785588457815
ck_9dc23031b6b494af,0.037758800625761736
ck_fbdac0221bc03f66,0.014586668665576862
ck_863708a99b92ef0d,0.05394080412218115
ck_22b52654776a1ea8,0.8407314595972172
ck_a0714f98001efa0c,0.013038613444774175
ck_9c56114f84e9a541,0.004017751668092884
ck_e155cf506b2fb699,0.005888563497568911
ck_65ed7e72f24731e7,0.004158803245679035
ck_822d6e8e43befc72,0.3395828625859823
ck_b1182471d9ac6b26,0.0016033547842738381
ck_821446adc95e6da5,0.01048687263251644
ck_ff182f033134dbb8,0.07193930826616139
ck_9c5feef7647b0588,0.025579487233024823
ck_df935d8bdd44883e,0.01206959992675037
ck_01eb24c18ad11fca,0.16229436227758537
ck_00d6730134a1eb51,0.003566517875262201
ck_79ba8e85678d0224,0.012333262766200583
ck_97e3b04a1350f6e4,0.05369134214263328
ck_74e9747954a46eaa,0.01359165642943036
ck_397d5fcc9972f909,0.037758800625761736
ck_9ede89e8a43c3f53,0.12673099524258785
ck_303b33910d67f306,0.008527793838970104
ck_3c17841636f6f7dc,0.020080913357726698
ck_78730527f8ba1438,0.11549479401760766
ck_5ee32bc6bb5d1d4c,0.0354380099495759
ck_a13fee8cd925d0dc,0.0516188386495146
ck_6f847263379f2e43,0.019364429273862713
ck_9b9d9e579e7b55b2,0.055302109966951736
ck_87c1d0a79e79c84b,0.03845791303913951
ck_bfc453eabb472f91,0.0014016158956204137
ck_978c21bb5fe3171e,0.022615331417171515
ck_dd882323474431d4,0.1193432237694331
ck_533c4f7400d5ab22,0.10904879114488647
ck_5f217bfe28954e75,0.9736743064584487
ck_ae96d35465b3b4bd,0.006986440148799955
ck_512ebe97c0af94dd,0.059600205600465556
ck_f558fe02bb0219b8,0.022311040592021835
ck_84092e23d5ef4d51,0.044037733463290055
ck_17d3022ca12eacd7,0.016014644356389867
ck_8a8f81bf3558fd9c,0.005316468289089237
ck_0ada6fed1864e7c4,0.031389345113288614
ck_21fe7bc59dcd78fb,0.00624179885727426
ck_e136e20c1c74fe38,0.009881854341476778
ck_e7a530e09d113dd7,0.1563588213140336
ck_7cb0c9ded4d63027,0.03698165340450196
ck_102db9615e722c9e,0.053999236225040784
ck_129e39ddfde92eeb,0.0009726492323197575
ck_d730ff21bfd7769d,0.009794785806210727
ck_54459b45d2be8459,0.0036426677283422945
ck_7f1c20319eb60aa6,0.994376761458765
ck_939fede90473e412,0.0037831778451483827
ck_e0f9506a6d5f4a1a,0.0013681377676362017
ck_9a4967cdf49265cd,0.10881375455351042
ck_b9eaf03453ac7d5f,0.01375725597876681
ck_522477be6376b450,0.004351156907906286
ck_9b6282e3bad50710,0.09260172841695727
ck_a0e3a2facd508e49,0.03591713855696538
ck_97ffae702f7c3d08,0.0013769082073635567
ck_344a95cb7115ec67,0.004343800135431341
ck_1f2760764afa45e8,0.0009536746187540729
ck_720cd658d11ea428,0.025797111532694445
ck_04e32ee9834c088d,0.9392467013392806
ck_2bb1389e5e72c8f4,0.07168945932111967
ck_961e7dbc217cfbbc,0.0056315417619036
ck_f3bce4eccfa6d6bb,0.005787047391091211
ck_e0ccfa0d689339be,0.005483513283997122
ck_98217aeafa0bfefd,0.037758800625761736
ck_a02aeec1914c158a,0.022017336886427527
ck_20a17e8f206a14c8,0.028650779448207386
ck_114c32aad4b6183f,0.15324599029441813
ck_79f5198f0decef20,0.0004543407989559618
ck_2209de229b4c71c5,0.03255829904579487
ck_6ee939b7f396975f,0.023142175109674534
ck_202f0c14b07ace01,0.1893545404833273
ck_fa24db9d416ab904,0.010795968513515627
ck_cf6aa24b92c4d33c,0.4266844329970221
ck_45f57fb8194cefc8,0.00444830482113277
ck_d5eb179dc45394c6,0.06985696487955186
ck_efb24be983342f75,0.007656667707627418
ck_245f5d62ead5ef28,0.014165952543377418
ck_15fe2a47fa7e92ea,0.002744068165949786
ck_b6527a85fd682554,0.01252645920301903
ck_11f9390a11ce9ff5,0.02583916853345163
ck_ffb4d892c5158201,0.0010065457466785566
ck_d4c1da5a1427fd6a,0.11856694103381543
ck_2c041b1efb1c5063,0.014827461265947636
ck_ecc18f40b33be769,0.5775082894053111
ck_0525349f3945375b,0.06274660046071141
ck_0bfe62e0c7eab9c9,0.020178026003214364
ck_b7c37d410b1646c2,0.0368200409294073
ck_4b15b0746318cf42,0.09050037604454458
ck_e5ee006ecd8ff661,0.02735973796711842
ck_ccc83cf66365357b,0.06330333622073776
ck_34a33ffe8339f66d,0.3492675584760793
ck_4e39e3b165edab58,0.16815163744713668
ck_1a71f8081ae00190,0.9903141416386447
ck_ed8f1200fc049c40,0.9151124865197653
ck_8a5a57858e8c77f3,0.05584897697646193
ck_fff9fdc2adf5100b,0.8777134784657926
ck_c76f1bf40f3b787b,0.0012469764648031653
ck_1a6ddfeef82b1b1a,0.012790618692380382
ck_478d2667aa9896d9,0.0013200205730170382
ck_641c8e7694b21f3b,0.006538217854178734
ck_293581d879f6663b,0.6094097549658707
ck_1bfa8abdb22be8f0,0.012998937965173835
ck_05ab5b03d0bf9ce4,0.3119958468195214
ck_35694db37f0cde7a,0.001362959843854255
ck_fe33eb743d714c03,0.031869178605242875
ck_abd10fbcbaf2b038,0.00711398444479301
ck_46d51648c1bf80e5,0.04703478996250121
ck_5c8390017fabfaef,0.007439648979004649
ck_87d55ca333f22072,0.002782449732393433
ck_c39c6a1453e2b92c,0.0006032639807495187
ck_69ff1b0aa143a168,0.001029780301391579
ck_e57c79eaab35ded7,0.003856134612594766
ck_463ae759e2b6ad1d,0.023390026730311483
ck_0dae4a7eb587f3ba,0.015971882364457818
ck_9b12fb56529ebc4e,0.018679017665767423
ck_1af547077ba2dd03,0.08938484750903572
ck_de13de941bebc7cf,0.0005845371101259362
ck_83dde7da2bf647ac,0.0019064716222429688
ck_c80a94d4660041fe,0.018658674522432524
ck_f39cfeb277ef6528,0.003234353447124803
ck_1cec1ed1512a2d3d,0.0013736291321585763
ck_7955a359b6448799,0.0011722158175505922
ck_8c0955dad13c3ca1,0.0037815325561528475
ck_6d4cd2de601a2308,0.05493931816727397
ck_f4536ba8dd2d551d,0.010301177458398631
ck_b379c198d6db2d62,0.03990359029201921
ck_76ea90ebc74bcdc7,0.016369392033681866
ck_734f06bd4aa92781,0.22972683649284645
ck_677e1d0c14cbf569,0.002573411136843125
ck_259271c70f3fbcbe,0.03217913552564291
ck_c0b744eb9e7d4eb7,0.012364247757121466
ck_3d41faeb96802f68,0.0016558978901361798
ck_8f604fa70fc3c8e3,0.008264258569883281
ck_0b3c3bea0e0ed339,0.0036893778378100737
ck_be5df076b8a86409,0.0018658875552959222
ck_6a475fe324d7d790,0.011500505113010337
ck_3ba3fa5387bacee8,0.0016894548438457
ck_324b9939d9c1c31e,0.0015015091425005136
ck_a7fcf7b592f68ca1,0.05496980247659117
ck_5b2728f7cca414ae,0.00045976819830004933
ck_5f4a25ffd0b85a47,0.00765204627613237
ck_63d4f5076fe4406e,0.005248861451390353
ck_af528d66c86f0cb8,0.016914641844231755
ck_ac7cdb9b8da7b5dd,0.11198124101816471
ck_3bece63711407e25,0.03202336792461892
ck_d4e0b2a12fcfc35e,0.005056598073123257
ck_ee3e7c9d3a9c74b4,0.050990674798578065
ck_50d7c4dab837bf66,0.004058948643147413
ck_ebcb93a2990fc914,0.031410282348833446
ck_2329cc9702cdf7a0,0.07198105198842833
ck_db1fa53d588bf99e,0.014098207683648254
ck_44e57a0bad5a0745,0.03762599734380352
ck_472c81a144f4631b,0.0011419264119273962
ck_1658429acd5306ba,0.022249926208619267
ck_466103ec5bd9444b,0.004912380560631273
ck_9757163e25262b74,0.013916717215488109
ck_34ed59bc2c9b0186,0.004520251955022967
ck_b7bd3a7f263f4f29,0.0250493356170887
ck_149662b09d632e41,0.02296745222777649
ck_a9ffd6b3957bd41e,0.0019762014788904606
ck_ab80466ef615e85c,0.001588942287629381
ck_f2c824d3473db24c,0.0029445695755765202
ck_a4a01fd45936b078,0.012118675330774665
ck_8f6ce158c2902877,0.0024198208631959093
ck_5189a302cfa7cefd,0.00046507969661215134
ck_430a3d03be588201,0.0036428064194272136
ck_b5f9dd00914b4db4,0.011247203904337524
ck_52dec82e9cf6135a,0.0035943050979920428
ck_95e444a01e2ab4a5,0.05064571245620246
ck_e37cee7b123692af,0.022639279500102784
ck_d68d42858a55adff,0.11773735660165369
ck_3abfc010091d679d,0.014503105737456366
ck_cee4e4e1b62bf82f,0.028084786338846677
ck_9ccb17c35e636c5e,0.016488554618564036
ck_f72a5a3b0d6c1177,0.0018960644584634567
ck_7508aa554fae6afb,0.09897542627878705
ck_003aa842b7ca1d77,0.2931192757662831
ck_83b2b192f41ee2bc,0.033245327761064085
ck_64796b6b2c3c7f06,0.10856753073037488
ck_6438ae81d43cb196,0.012371481107511585
ck_2bd73d9098504760,0.34783327036516676
ck_aa8b9b36a099e4c8,0.026850573951273604
ck_e5ece47d0dd10526,0.09208215678827958
ck_16077ac345472e6a,0.00641982497002947
ck_a4d6e152b0076964,0.010091814777991797
ck_d90b1d03ae151f62,0.024886016701749634
ck_18b36d342b530af4,0.016509699985264453
ck_2a01e610348b84f8,0.23574039485279902
ck_0a93ed76bf36c8b6,0.003240411620352175
ck_3d56b477fe2370b6,0.006057597713382021
ck_17ab3068fa303682,0.0022575984084828443
ck_592a3520d841d11b,0.04042734701431573
ck_84d07028b5fca2f6,0.03695702660476397
ck_f4a2bb10afa85743,0.0049398596542270575
ck_4fe4b072f03f2c1e,0.002546369697266148
ck_9ad08fcc183ea1e7,0.0024139467616457896
ck_130d3848b9dcdb05,0.015554301672959245
ck_bb399ed6bf28c230,0.092533515927024
ck_a31a64a39a2c4941,0.007561164866150195
ck_c49f25dfb39909cf,0.10351224864352815
ck_55f50a9ae2db8ff7,0.005774660845158596
ck_09faa4e771cf876b,0.0073428632472192345
ck_df520a7a6e405889,0.013072633754920125
ck_8c8c98cc694ac900,0.014579149364124562
ck_7f0c4f609673ef62,0.006758127864010251
ck_f51fe59cd445d2cb,0.022838647841518168
ck_b3fb83f0d772a831,0.013102206780020973
ck_d6e7e257751c299b,0.0005088134591853732
ck_0d362ddb4a1cb6d4,0.0030069595531982797
ck_a574a08edaf81781,0.010094616062626452
ck_a823f5bcb0e4b9df,0.0008174846256462486
ck_f792586ad0381eac,0.03589888562614648
ck_54bfd70022c66983,0.008107564670791243
ck_fe0a9372c9372de9,0.0020509189029393614
ck_5691cd6fdb6d8147,0.019444938669713502
ck_a95f212a02433d23,0.007529313231272753
ck_f5adad75e1c06731,0.2531608434071793
ck_e09c97520eb0533c,0.006119081461856022
ck_a1e13c0d58560340,0.0015900674209903152
ck_cacc2ca410cbe80b,0.021769327945770998
ck_c0dde2a6ef1e08c5,0.0013141875196275438
ck_a04403073c90ce38,0.0005253375606337443
ck_03d3026107175dae,0.013660199593896737
ck_50176dae5b1b716d,0.0029645938627236436
ck_6c084bfcb38e96c3,0.10233819337404762
ck_36d2be9012f7909e,0.019411322469670082
ck_958acf84c6137a22,0.02457290086822134
ck_114722e12db90a73,0.002405965702601881
ck_203c2a22c0c165ac,0.0612573612969345
ck_2c44ca550e5cfa82,0.013431261103618352
ck_df0a8f20ab8f14f4,0.01895020555298227
ck_826a27ff7555192e,0.021073731047631366
ck_09a988ebcf062297,0.4154177420001525
ck_5c82444b3b9160ae,0.09466198718621231
ck_f6a4a7ed27fe76fc,0.07275816347915351
ck_17de46314b5c6a92,0.013074741364222504
ck_335e63101b1e6c4c,0.09347771705571999
ck_c5eefc0697451de9,0.08428347032674052
ck_49a0efb5d4067b6f,0.07387478334907638
ck_c1f4509c8f5dac5c,0.0026742877087065453
ck_57658eda1c59bc52,0.0020101270510328928
ck_0d5c0736ec76385a,0.0017596499483013763
ck_e0239e6ae30795a7,0.017147362813207955
ck_e4459115cd8e5e4f,0.030843964199508033
ck_bb4aec09d4968dda,0.03266450259429203
ck_a1b4c96faed3e0db,0.02557781425294819
ck_8247b79ac67aae7d,0.05462365503391262
ck_fe2fc7d6e5d83f09,0.015783814747181997
ck_f6aea576cde8d592,0.0007858956325657982
ck_b7e7f7d0cd886412,0.020511057703659998
ck_ca7b993e8286af7f,0.7490056364765569
ck_47de038381a9cd65,0.04504210834152097
ck_d38f941d09eec820,0.01098955731228907
ck_d9ba2a6c0d926b4d,0.005405095693604516
ck_cda72f597330d0f3,0.004800022186922352
ck_16d2d27fadeeacf7,0.0032209841276666117
ck_be05447853d423a9,0.0005497456373772618
ck_cd92852d7376a4a8,0.0022792692684183756
ck_2faf7ecccc9fec58,0.001575977933335085
ck_db8733fd92f20cd7,0.010375986955546108
ck_a9989a3a94c26634,0.02410127530317183
ck_957fb25437c75e41,0.04175959757051486
ck_e6a6caf6e7de17c2,0.0010925778824620246
ck_f7bc569b37e8bdda,0.014766056372037829
ck_703b375dd86a6124,0.030371411792067954
ck_d3cfb3603f2c6ca3,0.03591364900439613
ck_07cb2b6f2a4303e1,0.0336555676998551
ck_31631e2028d4f855,0.03930407548370212
ck_1631bab0ba1256db,0.02165395684540983
ck_5fdafeaec036f016,0.013493535203724445
ck_6eda4c36aecad602,0.009437215863178193
ck_bd1bf9e3e29de281,0.06917092688329003
ck_bf378ea558a4125f,0.7537879728201132
ck_7aa2deeda0e57412,0.9897125888901077
ck_d229cf7f5a3f38ca,0.01102689668913101
ck_9e109edd124492a5,0.010896493867499028
ck_779491819995625d,0.8442615259028214
ck_b89c6fa2ad0a12f5,0.01807851420057341
ck_1d01b4a609918c4e,0.746098621521208
ck_714c5d7cb17bc9f2,0.01021725628753026
ck_269f1746f2609ed4,0.0020196996619343184
ck_4be03a2aa62b93c7,0.0011309589334610405
ck_cf920313f6dd28fa,0.013709784088054882
ck_fb00aae4e17740c5,0.0015674567435245458
ck_085d8c42739e2b10,0.9526171673804306
ck_c72a7d0d03cf3e17,0.07945201795209153
ck_8f6ca5d3b17eac6e,0.0009047401598372484
ck_d9573100bbff4014,0.1833472617105908
ck_79d6793d1d0cf43c,0.0007988098696998058
ck_91fa5032f7aff0f1,0.2483227134076022
ck_87110d84872c0fed,0.020514277256903437
ck_8220da627e9992a5,0.0009141922587322778
ck_2ae44938847f3852,0.0025740001477771723
ck_b0f191e44f9b6f35,0.10519988732163389
ck_3049d744b527f4d0,0.018097454038868217
ck_47d3e8d1dd3fbcef,0.009734175449262077
ck_ddf787359d2b5deb,0.0005300385026872828
ck_b27a9e39726b26d9,0.002289848104287371
ck_80c4e9274cf976b6,0.9503692686503715
ck_c6afa913168ce8fa,0.007843186533044515
ck_52427b3f8478db19,0.014975561410462824
ck_3b810f15ca0eaa55,0.022035953736017255
ck_0c9e420f97baaa06,0.9426808493531037
ck_f8540cf3a8b2f8c9,0.037758800625761736
ck_1402d24dd623df72,0.030743489478904793
ck_eb4f4267e24d042c,0.001391957429436275
ck_6f661b428d6fb8e4,0.02509726266046237
ck_519a26ecf3d29c90,0.0012236502004208181
ck_e886ba71d4a6fd73,0.018148340300707406
ck_437f9ecd2016a1a8,0.004866735134734171
ck_f01af1b0c977cc06,0.02125887533734703
ck_614f777c2eb5d537,0.002770051720977826
ck_b804e784cde9af8b,0.010327800543533322
ck_c2dccbc1b24b137b,0.027552263200509214
ck_1df4a1781a0f6999,0.04383237808821291
ck_bd2cdd53fca26171,0.013739926345106478
ck_424c254249a109f0,0.04947160177596618
ck_cf2ca4f286e289ba,0.04227752568786826
ck_6c33cb15b0d8af54,0.01954841324839348
ck_311d395fa9b8550a,0.0069336205713279005
ck_9f792e7e721ff7f1,0.00322973175982751
ck_4c37586080edb7fd,0.0007339794865411153
ck_7c4f42c5397113b0,0.003818304183205196
ck_fc418f53ce4aa579,0.8241009180304849
ck_1ba28fb7ef726ce2,0.03131044459100929
ck_d932f98bf6b83956,0.10523514838045257
ck_248b3659a9239240,0.02609132312461356
ck_6a92cf5f4cf5de38,0.02685756022988371
ck_65519d0fb137e0c5,0.005014324005846118
ck_ddc3fc99eaba2064,0.017745575019366255
ck_7310cda3bc65a73f,0.0025517502311128413
ck_c01c85bd631d4054,0.00669829109299594
ck_b4954d16b9749829,0.008504228961500725
ck_f301f6758e170d66,0.06378511765147821
ck_9bf95f8c47e7c7b4,0.008514383430850618
ck_c91b7fccf6aeb4a5,0.021857515581143714
ck_785fa45e86bc5e95,0.038054011690977045
ck_2a65f1cc23f1180e,0.0011180717343344387
ck_a49a2c1f881a3560,0.0028889820673986474
ck_def344d68f06d749,0.017676028850618156
ck_abbd1465fc730d78,0.004425059234463128
ck_07a5610ed28162fb,0.057949376763845935
ck_7ecdee2d7127be8b,0.00833905275752068
ck_67858bc00e81490d,0.0007414968451723609
ck_b4ad165ace910222,0.02362496929016024
ck_30753ffe481a1b8c,0.3628052242801154
ck_c401a26725b17177,0.0016638560456097885
ck_819988d8a7f26415,0.012187493098684634
ck_3364a1d9261b3638,0.0054275711715981185
ck_c484c5bda389bf20,0.00039398050644592046
ck_ae416325fef92c9d,0.8731531583581451
ck_5517b9a865960542,0.0064235124015850215
ck_a0e96fed380440b2,0.010822918247812497
ck_e83409471d2b0b44,0.05106252173789744
ck_127273af97d7827d,0.005859996853370028
ck_aaa9861c91bd14dd,0.01669440252154978
ck_a378c58294001a36,0.762982426077928
ck_abb9d65ff1f95b64,0.03042888708232745
ck_a5ecbefa849ae569,0.024563797603031526
ck_aa9953c0ca2bed7b,0.000831041618022006
ck_40bc6de252865f32,0.011024034614523061
ck_9fb11688dcfe1513,0.003536269386810657
ck_ba68841ca2ba073d,0.16750429527790622
ck_1d3e561a7d20be0a,0.9831609242898478
ck_99a92d710a29c1d0,0.010270506959654858
ck_ede2e887697ffac0,0.0022342067627366545
ck_e6de67c0d82a7b83,0.01622226354469258
ck_6b38763bf5ddbcef,0.04032831940696651
ck_8dd44eead7d765a5,0.0253443847400826
ck_30bf5b0056eea9e9,0.09882939275155105
ck_2981d16f8a51a8ed,0.03446891295848561
ck_fc60f42c68c7024f,0.061142492978548096
ck_8e2b2251ee224aa4,0.019119635139767905
ck_1906f0dfaf6e9bad,0.34427308134472134
ck_dcbe6814fc4ca0b4,0.13547357952307978
ck_f7e958a286ae3b57,0.004138298695234117
ck_713649668a7ca824,0.010947499621535167
ck_6f73cdbf9305e2ea,0.036092233885910485
ck_dd1c490050cd9051,0.01677780402087899
ck_e30db36e376606f7,0.15443043798214204
ck_740d8fe8028b5a2e,0.004736246806169581
ck_ebbc9418cd41f692,0.0007693826548262508
ck_7b3cc6cc3f250f39,0.09792718563243322
ck_1d30eef7110809e5,0.047515434817291244
ck_77e0589ab339ca66,0.02115872905445278
ck_15ccbf8ff7d14086,0.017902561364973785
ck_246989b0c288664f,0.013140459319240176
ck_fc2a6e27b10b10e9,0.0007086884824334099
ck_8afc1112c12f5402,0.009146491450086525
ck_a76e8d83b9141364,0.023778810171673513
ck_51d3e8dd7465c015,0.002626505408473803
ck_e7b4016909405981,0.0010755511763437782
ck_e7a3cfb9bf908e80,0.020605009757812046
ck_2bb49dc2388cdc1e,0.00098424031935794
ck_94f4266ee7871345,0.010816057850325918
ck_b2c896beec146477,0.007741150144689471
ck_fcf5d4a4748cdd53,0.0016407514745168763
ck_fd0483639811f62e,0.05161559239949559
ck_9a21d183524734aa,0.03168238999015081
ck_1df4b46c0a4c317d,0.02829129006684326
ck_638df9e8a22dfe0b,0.008810263713138682
ck_65acc43a6dc3e65d,0.013396932402927742
ck_7c67b73196e3d0d9,0.006526062069517918
ck_b0ee3a98175b462d,0.003563019064649547
ck_20fad010969f1abf,0.000786649726350677
ck_54b087bd873af8b8,0.005946144061862281
ck_8007824431fa803b,0.004746357192964643
ck_23aab322810b9fec,0.0039013496528466597
ck_c8001bdb9aafc8a6,0.018985556934776437
ck_3a34c3ac83cf84b3,0.02396788831582855
ck_60187ac2c473a662,0.9659206083787624
ck_6a0ccd7357979f0f,0.13299265471449503
ck_27f20337bef5ffe0,0.036631439389179336
ck_f9fc468915afe49c,0.14274643816013408
ck_1eabc15a94bd9009,0.023665991411717147
ck_26896c494b2768ef,0.027117657932068155
ck_348c874eaf0354f4,0.023993171289938678
ck_be9c46acd216b45d,0.029915436745828885
ck_a3cce46d15cc20a2,0.05308358517081827
ck_70804f60d9704128,0.05534066334627529
ck_a019151ca8e7527a,0.026839877414905327
ck_571133b2aa8ead51,0.04529368821879356
ck_0afa4449f20d5196,0.00614715754828931
ck_4d503c41cf4e5034,0.026236850794521094
ck_d6fb9cc5171e3e9b,0.7740241471483057
ck_05ed92a7c3e10e5d,0.020580620775096536
ck_bfb067986660afe3,0.1274665236541779
ck_c1a31690c8573226,0.0013479623614082628
ck_cb88ef3dc1f42225,0.006563264391952966
ck_21e3b3bd998745e5,0.02334772280632039
ck_cf52e46fa54e4540,0.0006909594003657024
ck_b72c7ac4208052ab,0.09607062085751665
ck_e6465c56b337e6c2,0.021050044555895923
ck_5f87eb05d18186c0,0.01279654040877057
ck_263f6c5ff26b5e98,0.0059200063427972
ck_e0b7e2c0bbe228d9,0.0017819162792035385
ck_b657ae3c146cb7bd,0.004365463825816335
ck_abac514d8167ea58,0.014996414279351205
ck_024dcab126876002,0.06741993788945042
ck_5d8481e2b38bd99d,0.02113967740321645
ck_edf229c17d25dac1,0.13751047003506214
ck_6cb7c97b72d6b5d3,0.023863950959000277
ck_c96ae2c28086a059,0.044881031556891854
ck_2f241b97c0f8389e,0.02790664953315025
ck_9158bdbb63ee8987,0.008206532474541587
ck_e7b40b60786c1530,0.0063141982870197864
ck_66d38518f68e6194,0.0029810304046561705
ck_8c9b57ad2a991416,0.0029680440436296294
ck_cc91bd7152d3e9ba,0.008785165116967888
ck_0d846660c7957a88,0.0030890463080918583
ck_60896cdac2212bea,0.03667127557074994
ck_dc4db8b932df49de,0.026790905059848213
ck_2dc31db181150e20,0.00500453067715858
ck_2f138fce1171e277,0.008685092707564668
ck_68b8b859a6ef505b,0.01347355512165104
ck_c3fe0c6c5e1f40f6,0.004561246287705245
ck_15886fe84866de92,0.047649217719963576
ck_ea269b35406473e8,0.0027380535222291356
ck_3ce7cad1f69b71d6,0.02737775141354372
ck_054ed4288ee58d6e,0.08422325025665842
ck_3d4913a86f207fee,0.02382889548154077
ck_23ff85f9d2355e8d,0.02215819339376984
ck_d87ab3261322216a,0.0020423980486453425
ck_fac046ce336fe39d,0.0034267406514097588
ck_beb97e498e6cf8e8,0.09235389839546174
ck_1f517e0ebf397b51,0.003184720341406656
ck_0af57ebaa45877a1,0.002181438086004506
ck_f99bc1732ce5e999,0.02508582439158482
ck_abb056a9deab275a,0.0343796130771769
ck_0bfc394c5faa65cb,0.028655544470657456
ck_ddc865af1dd5670e,0.011186736938780355
ck_68b5542459638b56,0.015191664286734491
ck_0b1d84252c0b46c2,0.010876772675836812
ck_520ec32c4f253604,0.08174460838600488
ck_79ffcfee599d77c7,0.01850326991949725
ck_eb224c0fd146253f,0.03385094357756554
ck_0e477084434da450,0.035555822553813794
ck_07840bba5570785b,0.0041412065455058945
ck_6b67fe8e310ab865,0.009906492890590188
ck_e2a1068c2fa22525,0.022689323032458276
ck_b9c6b32f6bd92a3c,0.001991564223521355
ck_c1e7d1021ae58f00,0.00126413507124738
ck_5d7801201749ffde,0.021422285199418113
ck_c8806749e263f70b,0.0011128120976677033
ck_c9eeab826781dc91,0.017189123639220448
ck_309a432c160a17b3,0.027642826555835262
ck_b22e3337b8e3dbb2,0.005193497299475863
ck_79c30169c71b8033,0.9113874317807138
ck_5a6593d954085775,0.0016893560425003842
ck_70b9b79ea1aacba8,0.04609719619384442
ck_63743141ffa11f45,0.022679528871711385
ck_dfd3dbd0d97a642b,0.011922142258455093
ck_635646a661f05b4a,0.021978741819555378
ck_4b123d6931b6d0d7,0.14546788634371505
ck_f2b0e7a47f442557,0.941396424188624
ck_1b1df006b81d38ba,0.01923718338556541
ck_360237c1bd30f4bd,0.015997176530716185
ck_5e84bca0e362da20,0.03419897542874962
ck_142dba210ed2f3b5,0.07712072552171693
ck_a3564236069e3524,0.050253529421286004
ck_cf36d8b070ded782,0.016708337024455008
ck_ddd6625c5eddad70,0.001013740866320845
ck_ad54292a0b2f44ef,0.010221768966872562
ck_45cd5ef6b359e9b4,0.004546355421042998
ck_982c2392238b7be3,0.06081341951736481
ck_083e4ac78685c3bb,0.018371114424431182
ck_729cc0b46cc2e546,0.07473381816347
ck_f2b8995fe5402759,0.0037831778451483827
ck_73e24f5a8da289b3,0.03390491934456666
ck_bd85f30c36f5998d,0.05647382755630561
ck_ee4ff3aeadf912c1,0.0036108279889846555
ck_63d2978706e193d2,0.010790099636009446
ck_6a0684436a1e66c3,0.5462493252889606
ck_182dc4a2f5a366da,0.0016950557103722402
ck_e6fecb82fc2a82de,0.0074810630336892905
ck_cfb06f07394dfe64,0.0011634226988981578
ck_7bbe1dc8add17ef0,0.053190152878327665
ck_5cacad76e02c8e3d,0.9670970668900029
ck_ca68dec0c7df5a12,0.0036225036439030394
ck_e4c0fc52c82065d3,0.06841772309337592
ck_f9197b070416f443,0.002902402035242672
ck_2a07c7021b71cf65,0.03907269841506386
ck_4fa85cebf707de2c,0.0017500187864145657
ck_0063d2a9507467e5,0.0026147908484412848
ck_ec986285fff05b7d,0.001986708739262351
ck_279d43303708109b,0.03430751001535334
ck_a406bf11e48cf8c5,0.21161601236547128
ck_064b2aa3f0bfdb6e,0.03461414029978777
ck_95790440bc4bd2d0,0.015170338595258154
ck_70066eea13b4c34f,0.008244091868141715
ck_19468fe07e26f992,0.16792835413523227
ck_86bfe328e0a533b9,0.35899426858911276
ck_ace3b96c977a7560,0.04077400050516957
ck_642344e5c652d8df,0.08524548142618951
ck_074be35c951ae10a,0.02595577463410305
ck_f14dce41036486a3,0.9089719979051013
ck_5cf67a3a747e684d,0.06856479729432559
ck_f7285b92648c1c81,0.0033575827046521027
ck_bef3193f124fca5c,0.24114274855171752
ck_05c4dcbb45de1f8d,0.003544989207505555
ck_d7c28eaa05bb7144,0.01199798544183937
ck_320df984791a1b99,0.001153656305369525
ck_f45bad1606fa00a7,0.00758053863899473
ck_6f81c199e986d9fc,0.004366798583703408
ck_d0c9633fed57c344,0.006644055765031959
ck_a3c25d6cc7478068,0.01639437309119874
ck_4185506d12cf9fa0,0.0022986540354929365
ck_7a02ee1bfba7353b,0.014006166936137477
ck_1b52590757c0fbeb,0.02715081025428779
ck_a0e5656e1cf9cbf5,0.007394779717066979
ck_ace21f6daef94f6e,0.007845255917284627
ck_646d8d0834782d6a,0.20619294470655905
ck_1f136a4476b5e775,0.011974976725106775
ck_325c7643cce02da3,0.07426618942143362
ck_9b5e7fe28208f5d1,0.006941402568070051
ck_05d81b1a150f31c5,0.0017105244878191297
ck_0e9ec486bff403c5,0.004438451720168949
ck_ee13c091bc379188,0.036156726534653044
ck_f7a7f8f5903617c5,0.02423913724701682
ck_96c3a3517153390e,0.09461171232273705
ck_538dad7f096458ad,0.006418634800295734
ck_8758fc6622bbb7df,0.007885918626091204
ck_f7e53af3c91fec64,0.03879209479135791
ck_80b50fad7f255e1d,0.007744177246967593
ck_9645e7adc08631b5,0.018036555109265065
ck_e007aedbf37d6ec7,0.028299689748676714
ck_2951d76c41de2569,0.051826035339514055
ck_9439bff87e616d4a,0.022940618805811087
ck_a73045e96af0e4fe,0.07794973160565521
ck_7b382e533e2e925a,0.028578511426404215
ck_730226c2d216cacc,0.006034212481221268
ck_bdf837d761a7cec2,0.17360274424713382
ck_0b34197335ba3341,0.005845807712365831
ck_49170c4b31a20f5c,0.0006899755133516151
ck_cd553ba6589d8bfd,0.0089989529044189
ck_56b992c6f136fa5e,0.08186839479100358
ck_8beae3d7328fa41a,0.06485921015005819
ck_1a065ea906ae3d6a,0.0011429360952687425
ck_e9e3381d5e0e5051,0.002701928953807633
ck_a6d4f998dadc90c2,0.9797934798427546
ck_d36733da917115a6,0.009703035662804296
ck_e738e920bbd74a7d,0.012998126177198643
ck_af65eb885a51048d,0.0019719329310891437
ck_73f4eb09af29b1c0,0.027115102901553383
ck_8fc641b1750a2542,0.0532973104112968
ck_41b954c7a948c060,0.0069983026807742136
ck_25fc3010e8a0f6d7,0.008138257877013234
ck_a2624e0387974e0e,0.05542675501501634
ck_5cb9d7b2329d5ab6,0.04839086350118892
ck_6c83aa1d100a7cd8,0.05779705103331791
ck_67025c64588abd1e,0.005304881504372922
ck_f5dde68f6f0468e1,0.0007562626603130015
ck_46bfb2cfc29a6d2e,0.003620612671854904
ck_49dddb894d33f6db,0.05877834732630393
ck_f738b633b8862d18,0.0013371178552570486
ck_3d6c3c00d854f5a4,0.1208470916290724
ck_cdb8061d8d1a6c5f,0.001675008784553826
ck_5e1b81848718bdc3,0.0878944642885861
ck_8def763034187436,0.013787860167145224
ck_8f8e4fb9c6190272,0.006344678761647669
ck_368b968b5f33431e,0.0020274970576431043
ck_ba7e347251ea399b,0.028613057466381254
ck_9075432001a64e75,0.019864313137514147
ck_73c5371635aca173,0.9107640292879846
ck_81793387b38047cc,0.00500041402936847
ck_0cf220816e320ac5,0.003004461198050468
ck_820219bb9c761b52,0.44093673700955277
ck_70a932ab39d86a24,0.0006905647702561107
ck_2c4be237a7ed79c7,0.0068815963144441255
ck_acc764b49ef02826,0.03479241696811985
ck_74c3c3452e4e7cce,0.005656305801464804
ck_34dfb57e5bf31d2f,0.011755106813984248
ck_6ec39903f765956d,0.05165030898942699
ck_5986119e7d81e831,0.02667506360355825
ck_2ddfc948b8eac752,0.11776116854425843
ck_921ff5ceaf40a968,0.02047031764895393
ck_fb3b68b4424b5f92,0.03367444888721963
ck_c3db1b3ad4f16679,0.012485906762889982
ck_124a197be41687f5,0.1350927154122152
ck_c58d9151834f5bad,0.038238119983949576
ck_389607982eb6b701,0.759731498509285
ck_fb0c138c003e933a,0.0010029476006506188
ck_50d0bb7edd8c69c0,0.03987247222092747
ck_c6cb651149dc9a8a,0.004602634815100458
ck_81e21354e477eceb,0.09762809010756955
ck_7696e38b3e4197b0,0.007496778229663718
ck_586001d3ed9e7fbc,0.004236954692861509
ck_bba413492dc46f2a,0.05170570076350056
ck_95b894380ad2702a,0.07286149859598949
ck_277621473369614f,0.9933194446285419
ck_a50621b5eeca84b4,0.0018828063407766405
ck_bfa7ba218b988cde,0.25396986725255055
ck_5ea89567dfe78e4b,0.02541252802479406
ck_6c679602a6476ab2,0.002951871603035345
ck_d3885e286b3b11d2,0.09836596592093501
ck_cdcf6671b37c9c92,0.010376193546657041
ck_b5c93e6d34f8d366,0.0014576514075795512
ck_c24f61925dc158d5,0.06724726656053098
ck_cd09375e6c81d2c4,0.021394336252400135
ck_a95afc7a00303a26,0.009281911550620527
ck_8e89ca8b39f3f8ad,0.005579269856819292
ck_9a84b396aada3fa8,0.03126993063063599
ck_5124a2e415384945,0.09240084318177573
ck_d66bb1f063357f99,0.0014846896962777561
ck_0fd9312411b0ac55,0.03573219119830137
ck_ad8cbe6e27e47ede,0.032751564603362274
ck_8398adeaf41f9cae,0.04633662453265032
ck_dcf851e7bb5855d0,0.0027175369513635296
ck_9affb0f26776b642,0.0038940284670927637
ck_f0424b3b36bdbef0,0.03343684879109977
ck_66746d1090d6d9e9,0.002703927253782272
ck_e5f8c8a5824db594,0.016051419356052192
ck_3e91dcc209431984,0.05154821258974083
ck_126a82e8d42e5ce6,0.00446124342240938
ck_38e4a74ab256e2eb,0.003380116949624775
ck_1225a97fc413a419,0.1304904385609752
ck_9b5ec0f78e160e65,0.0027227141721458147
ck_7c5529bcc079600b,0.029586792056271377
ck_29640fc2fe81c251,0.6618295342981598
ck_160e9ba0a3f7c1fd,0.0021301360910715075
ck_bff090cb4ab76b9f,0.007434327926078892
ck_aa06ed358e43db69,0.03842740850821763
ck_7264486eb512d84a,0.005070033830333135
ck_f5a32e6160b28379,0.02252667428278436
ck_4ba8bec14c2217e1,0.004102080049640056
ck_610815786d729d2f,0.012096767095067
ck_e267999226b6321b,0.0022293634802836963
ck_f3996a3c8eea1ea0,0.009963815424780665
ck_e9b75ed7567a3f23,0.027302994397168833
ck_d21612d48bb4f7b8,0.029513038833407158
ck_1f871df76c6a995b,0.09578270183378076
ck_953bd5de48ccd70f,0.944043555045418
ck_02a9104419a6dbaf,0.01029430834318552
ck_1eeeee651e05d535,0.027240872636152266
ck_e2ab04136a442a98,0.004309443499961789
ck_f0d806624ef3d359,0.029943657757104218
ck_4b68b38c1b3326a3,0.00731810386148934
ck_74e60495f8861156,0.019133760562312654
ck_398f3f4cf05c721b,0.005719689639054589
ck_f761b7650a0c1a85,0.011370751136441806
ck_7dadef33f5e2d94f,0.9862680561802407
ck_6ff6883633b8c7ba,0.0023977625679609195
ck_4d2159603045109e,0.004959563253718136
ck_a38bd07a5fac5c9a,0.004028003535108337
ck_f517f06551e69507,0.003059588334408445
ck_a7ea00a1760ad561,0.8739398029847097
ck_31fc51d5a3dfe16a,0.0555144154076199
ck_bac5233623b25ca4,0.022648190909119285
ck_385188ab27784fe3,0.030270668321345617
ck_9947a323bab5cacd,0.4798010101539316
ck_7973edc9f22ee7b6,0.04375383709046645
ck_f97c477986043755,0.0056382170485930905
ck_1a3fd2cc4b4de196,0.008415159965454817
ck_e18ac29ea62cb435,0.06868525323070102
ck_9720a472a3e0140c,0.004720664691551519
ck_668c7fc7d7e47c0e,0.17916659922391256
ck_214af0806470ef48,0.015873896473637395
ck_a46c1773f01f0be7,0.06054142757996249
ck_f2bdcfb4203ffdee,0.024856635898122956
ck_40e84e6ffe788a4c,0.036272471002085215
ck_dfc6f5712d8d6678,0.03649316291988482
ck_01ef1036b2e66a4b,0.005330176625655497
ck_3acfec10eec32f9c,0.018957520345743308
ck_084a85145c15ed77,0.0034403381903020357
ck_fcdb4fe2f095fba1,0.09523093165764684
ck_023908db0a193076,0.08917672377491755
ck_fec0ff92fd622253,0.02536018953756683
ck_c009c97d5fafbced,0.05300626185724874
ck_eb9f0c06ee017ee5,0.018752402285384173
ck_d7792b429620fc24,0.0019569283190608265
ck_5e9e149a3b69c726,0.06552290858815833
ck_ce927322ef8f651c,0.0307820227662105
ck_b8fd61a8e82bce32,0.8259896543898241
ck_9aafc33fba1474cb,0.002486549672323864
ck_ce81ff9b8b35562f,0.003990514445481639
ck_25bfca1d8eaa152d,0.010137839204670379
ck_170c65860e2a7e23,0.0014175936776391275
ck_952da7ca9f33decb,0.013454349143248966
ck_1ebd574406235957,0.010783782205095608
ck_589109a188adc2c1,0.005698903016467872
ck_f0cbd5383bb07778,0.036222422273959755
ck_242521e261148fba,0.006988622738627748
ck_509cece86a558de4,0.0023570749202942794
ck_0dd7c5925d28755c,0.005364860420152818
ck_a7e669cf1c3985aa,0.006041249676751769
ck_acb84dc2351eeb76,0.001896634813846783
ck_b837c7dac2a9b931,0.022336415605334434
ck_18eb1f9181f95df4,0.005551938213993167
ck_b0b9047dddb1ec84,0.5055069082210035
ck_43aa136bdb0a2832,0.28312927964318485
ck_3e47f8c56c811700,0.01814849255372706
ck_77c587d24695ea15,0.02822673064293233
ck_20578ac693ea4e93,0.023808324918071142
ck_b9f6040eebd1605f,0.14131322678914054
ck_ca9d86f65cfdf018,0.0027647109455756617
ck_a4fa8833995c716a,0.004287237452085978
ck_f589f1e29301b5fd,0.03883483537419661
ck_961ddb8ff55d868e,0.0023998574188592195
ck_5662492a54e6688b,0.027924868510838956
ck_ad48826c1c26eb78,0.14076689865015213
ck_621c9ddde6bf2eca,0.023161438123817466
ck_417a3500b2c717b3,0.10869350152159868
ck_c7e129058beb3ac1,0.02117520866937968
ck_ec1c902b9b9b9c5f,0.040559126902803055
ck_317360ec0a67d27e,0.02510426485143946
ck_3e3ea5d8c4a229dc,0.027333305035064683
ck_d11d27de7bf0b973,0.3189705095894411
ck_d37d56e931105db0,0.00321186669878835
ck_4863077723cd6ce1,0.0010861760663775169
ck_479a065d5903e9c3,0.003072532589379262
ck_e66ae4fd586fedea,0.007489585706826901
ck_192bbfd0d5720134,0.001816438580567854
ck_3b436cb29af99f3d,0.033162897620571966
ck_7c7ca54969eed187,0.05076451573564101
ck_826ee896c9f1144d,0.045745879381427754
ck_ba1f6dd43fc8a0b1,0.0045915123257408395
ck_49685deb63e4e8f8,0.01771501671801241
ck_687ab5d5554bfa79,0.006405534358721775
ck_41346ccd9242cc8f,0.002046975161539715
ck_8f8e5e2b9dfec3d1,0.07710582038702475
ck_94d5ce61a0c50465,0.007879218994395233
ck_6b954c75aad8c012,0.05646962734554023
ck_748af92828c9d288,0.011212180631267955
ck_dddd14091ce812c2,0.015731928754495018
ck_723323f6870fab59,0.05840704119442445
ck_dbdf8d0708cc6718,0.003448021706980249
ck_f04938570a154de3,0.0063466908583137355
ck_58afa1550b3b5294,0.004701393324305129
ck_3b150afde386ecff,0.025778267311329373
ck_666b95e75d99ec4e,0.989520637166067
ck_e00332597cf1eb24,0.04673933716223991
ck_9a9e3dac79280d7f,0.06032028793389858
ck_e8d37262e859d9a1,0.009406778436044146
ck_895bb39d24bc1c4c,0.0003723088863786972
ck_b367449195e36499,0.04070527818062788
ck_d23f9a50d1135ce1,0.04612652110564265
ck_670dc4910cf476c2,0.0007480927049907809
ck_3ecd8a5ce65e21ca,0.0037897797285106503
ck_8584fea2df4c6317,0.04866680045596907
ck_0789ff4562202b20,0.028192305625616115
ck_749e0e50c3907be8,0.001642131834467069
ck_c3ff6790cc6d7e34,0.0049318430435046036
ck_75fb7e56432ee4b2,0.00805197668762949
ck_529fc3170fd11abd,0.02059610768953838
ck_34a69b3b4a681796,0.0896150692285429
ck_255f0e5888ae9e23,0.12219947438658141
ck_65be698386474170,0.0030123290125675163
ck_5eec9ed855c26000,0.0019924484671895995
ck_5ab39bdc9610f6f3,0.8290964270931465
ck_1b5b75762f033462,0.03761942748236866
ck_d3e208671cf37f91,0.9642793169607102
ck_5068ee554ceff971,0.04035208628916246
ck_d7d50fb57fcb2d0e,0.001186023943502551
ck_ba6e1115fceaa067,0.029928217057474553
ck_d07bfb16a4a7dac0,0.6559566191800833
ck_ead68310311690c8,0.602121737431073
ck_ee53ce862bc9c111,0.032227973404995794
ck_97e56e6037024dff,0.00513170659951848
ck_80b04344c98ec072,0.023943586866048094
ck_5954f45a2ab45f43,0.010961892232919644
ck_18ddf7e836256e3b,0.023923762888929306
ck_89a1a780144d808b,0.01634202496644972
ck_a7331e8b808c39aa,0.1091993511458185
ck_a1fd0ad03ff9b776,0.017366497682912704
ck_c0cf50eef030b401,0.003643018840269437
ck_074f20921189e7d6,0.00883536290856461
ck_e2aa7be60794593d,0.09131249810014425
ck_72771757dfb7f7a8,0.06438942598809137
ck_a9cd84a6dddfe584,0.016205185967835628
ck_142c00f9f8557504,0.023799808772579593
ck_221b5d40358230f4,0.0229974607143498
ck_a2d7a563f520b7ea,0.010671138184937411
ck_66cd34bc568d95e0,0.1296578847164809
ck_a17128972d3e507d,0.04387613199387979
ck_bda299466bb2136e,0.025293082463405475
ck_2b699066665abe8a,0.013660805154423443
ck_0ac9848bd4ba0c14,0.0049019026192000095
ck_98d2f9a6ba3a3077,0.5110839993480828
ck_a872df31b28a5f7f,0.058029848381359696
ck_7e73e1d44ce82ed9,0.01891069538000048
ck_1a415416f620d49d,0.0009297817440846517
ck_c95c786d2f8b8edc,0.010006745059843777
ck_e45012f22b7f91d5,0.004180830486135244
ck_aa0b083e2a6813eb,0.030279048176869185
ck_4666232ddbf77756,0.006449228200808205
ck_e08e9c8ec5f23d8b,0.055706326716225246
ck_31d4c0518e5f52c6,0.004232455885584769
ck_c1ab40638f04cb02,0.004673267186982679
ck_4c1fdd1669c7cf51,0.0004987028170114803
ck_11662cc7940ffc82,0.02494961422241502
ck_2e679af24adedac8,0.004955666397417872
ck_454b9e21b7f25a4c,0.0017248195066296918
ck_355c4f29089731e8,0.9425132137056111
ck_507e40760a24d2d5,0.04677816549489902
ck_0943e0f305078e34,0.9909495654730173
ck_abc54ed7111e9ed1,0.0013886990437538451
ck_a60fe02fc04407a9,0.046336982587753206
ck_244b897bb4d57c1f,0.018445921605217488
ck_8c84fcde93a04334,0.2715071325488571
ck_9eea37d2de633b27,0.005231046007860547
ck_b2cb9e6610eca967,0.010195268821163667
ck_09aadb4c41b166f1,0.024542334875838134
ck_8d94fbb4828ef326,0.006481885233092457
ck_089e3a07abbe3b8f,0.006313316074590103
ck_dfee9de05e3971cf,0.007392036622999893
ck_6abf8302ce052451,0.13328746403171507
ck_6ffa90143838a4a2,0.001843509422437202
ck_325caeab5c7a9c3a,0.008714463872911811
ck_1964ee9db929a173,0.880878436003032
ck_942b95988a6245a6,0.11618154142757312
ck_913ecdeeb8e21a9c,0.002040221205207431
ck_ecf9794349eb4b3b,0.017847361548322414
ck_b6cb8d6ae828eed1,0.024289359996875193
ck_2f82ea66c4f53b33,0.13902284676061002
ck_6e676daa4855b58f,0.022748622047180627
ck_2a37fef48b44e9c8,0.024643511000948182
ck_3bd12d468fdc2450,0.021233236136280993
ck_1a28b6a40a6bd3b4,0.016612726333270603
ck_61b79dec96d15713,0.0048588311571323645
ck_31d5e3daced93d3c,0.014294880642783543
ck_e6c8611c0cf233d7,0.0033808034646816295
ck_f04761b4a937ac3b,0.005582289974307978
ck_38c1c75cf055031b,0.03133150798026221
ck_59a561f3df01441a,0.01913149082231705
ck_04e40f556a5062ef,0.011376668618192778
ck_8409716d174635b6,0.0013223219359291677
ck_3019afee83342701,0.02330442559139175
ck_b51a58e7f032c9a8,0.09986462249036678
ck_5043e474f848346d,0.026834901029738845
ck_4388abce33ecd01b,0.04017677452829043
ck_c93def7392f0aff5,0.037615791523649536
ck_72e7b1acc19df820,0.004803500880892876
ck_f253130dc3ca5b3c,0.00798441696865343
ck_eb264d1b180d4b4c,0.03542659143766384
ck_c2504f5a113433ee,0.002097389089393778
ck_c16ab1e4dafb4910,0.7238364178867338
ck_4bc42878fa180991,0.13334250063395978
ck_1c771a7c78f6622c,0.0652839830753373
ck_d523f0e50a2747ad,0.0066762709871367315
ck_9060f4e7ab7a1b0c,0.021327385856979103
ck_6b55ec4e87a5e22c,0.14268804336901378
ck_55fc62a5f89a7251,0.011856749539358565
ck_bd2545c62f258231,0.060091670770643243
ck_1ccdc69d0bb712b4,0.005855998790444584
ck_710f867a3bd5898c,0.0029316215944537307
ck_f91d48c40337d375,0.005277231356049437
ck_f76d929541ed41dd,0.016950701024925154
ck_e26a6659c237b650,0.047505131286356986
ck_184983177b73dea5,0.01606973646968913
ck_6d0d081bfa8a0022,0.036263554836242516
ck_2f6e64f638da0f97,0.0018546164327738598
ck_15b93103ccd38609,0.02792158777533514
ck_094d10439b7b4eac,0.003501234977836285
ck_d2ca47180a926ba2,0.021891541057378915
ck_a69ca7b9d70972bb,0.009032747693225833
ck_68914e67343a7d32,0.01897035241915073
ck_8176616132458c0f,0.005421763789544221
ck_eee99af3598311b8,0.013164760179379169
ck_94410eedfca91304,0.03220151068135772
ck_cfb11a0a2325bff5,0.010780190868917315
ck_75217ee144b715f8,0.04037025347126948
ck_d56fc799542299b8,0.002553781523803153
ck_4c352dd3e7c81269,0.013640646189109108
ck_e23e50e02cb3904d,0.05633326292342362
ck_b921af37d500e139,0.01776997918508867
ck_82181b935360dcbc,0.9646088539903291
ck_22a7cf3b99c5e5fd,0.031480667386665113
ck_f67ee7910d532216,0.04198634020672843
ck_5f48762a14a0326f,0.0011283713958172778
ck_1757fcb0e6e3f88e,0.060838820202842085
ck_2c2f080ba185016e,0.032921817298480545
ck_4c25570eb72711b8,0.0019200401301600742
ck_a3be871ca22ac416,0.03190307903034195
ck_ab70961e7c6695b2,0.006495865829421456
ck_a1cdebfc42a52448,0.004440107998887338
ck_f1b80b821a20186d,0.02712047645550772
ck_ae668e4564cd2aa1,0.0056959176180625395
ck_0e2bc3a5afa439d8,0.06983116500115713
ck_3dc378f37d0b74b8,0.01451720832678438
ck_9f9555197480d1cd,0.005215505980470147
ck_bf4e7d48770a4a8b,0.06713650826795839
ck_614ef655f0685060,0.08820207118441073
ck_04d2ea38ee27770f,0.0008334872903810569
ck_e03a9d8ac94161d5,0.004688495832577327
ck_d4007b5b26d9d854,0.001725750376462084
ck_2dd147ce6d61749f,0.023736455658098676
ck_ff45764ea7d6619f,0.06666140823031612
ck_dbc487cb0a6c18da,0.6703548081709488
ck_791d5392bbd80447,0.009197432495396105
ck_b4068439c413b150,0.009306710652344655
ck_85df7b7de9700aba,0.00800649173356122
ck_001e42551cd06e40,0.0033072866223057417
ck_a6c02ae50932cd9d,0.014456404973743531
ck_9fd0be2c018ff5e4,0.0061840238823178025
ck_32a495128395fde5,0.005048534906843021
ck_b6f2a2fd232c141b,0.0058347814608942965
ck_28dde633692904b0,0.04252151116544768
ck_a1a93c5f375f6021,0.0022723733614774984
ck_e3982142336782df,0.01314817938227672
ck_a9812ff3c111ea94,0.057997867728507145
ck_f04062216f95fa00,0.06829213530407022
ck_7c560467daca735f,0.0007204884327667958
ck_76ee10d6e2dba70f,0.04958108105961389
ck_3521243bdac61178,0.007559332534156805
ck_28588fb03b320520,0.029179330179645684
ck_580dcec33ec232b8,0.004424637859679094
ck_7109923fd7dab20a,0.11077367485487818
ck_7c872c99481c1e9e,0.018146334749865885
ck_46f4e1f5026f4d1b,0.0007680289371374598
ck_00d1ebc31ec4653c,0.04845826573663626
ck_aac70764dde15168,0.013982212974893379
ck_648c03f9aa4e45f1,0.0064356465358214225
ck_5478eb69ef912785,0.05287907461148382
ck_79b8523137bb2603,0.06439862631790333
ck_795c49f312640019,0.00031764420508636717
ck_89184bf7b7fe41cd,0.16283092962457482
ck_97d4bd922996fa10,0.0013898645520085038
ck_1cef30d08f3a598d,0.001624078977902751
ck_2f9fd36a4a40a6a8,0.0006982276274043541
ck_40780fc0f8d6f309,0.015817617484164385
ck_9083ca9fec2a7f4c,0.013930642919561908
ck_62081bc35aa59931,0.007601149696921085
ck_2e1b46c5fc56b863,0.30886253644101896
ck_3d139692c51b604a,0.027208004377506947
ck_b5e54e22e3d6960a,0.0019068948567236628
ck_c0c4be3f44311b04,0.010177004141768014
ck_82a8bdd2692c2a5e,0.0011778285957189005
ck_bdd2da300b530c5a,0.025351350206882655
ck_ee40498cd97183d3,0.0037831778451483827
ck_70b9274473bd6dfe,0.010026621512822131
ck_473d6314ea614b29,0.012404576745453647
ck_7443d6dca8cd1352,0.0026324844641682343
ck_3b49768b448b071e,0.07175180891639225
ck_b43f04431c267dea,0.002834807793321387
ck_4424a5223ba2fe00,0.014343621102256524
ck_819bf3e8231f4081,0.015239927455031214
ck_91d417507a8c58cb,0.10542479298220528
ck_e88e86b19cada4aa,0.08281317494907961
ck_59684167f9c6bf4c,0.03765385039475572
ck_d5f5b0dc97b9dc27,0.006856717618022876
ck_13d1b192bbff8f32,0.047383179034741804
ck_b21d8630387cabce,0.005806287179667872
ck_e4ac22046699b99f,0.013583730168042152
ck_74b848064f2ff45d,0.009932817731022961
ck_166aa980cc87fa77,0.1583437275652386
ck_98e337806104dd88,0.0027784440638526776
ck_66eb09be007f0755,0.023047400954882585
ck_3ec9b9d8dd7be11c,0.016648850809822216
ck_8b8b9de339d75d0b,0.01399756742384017
ck_6715139e240007d9,0.015718264977364588
ck_a0255ab46e122d2f,0.0019536960147860487
ck_66e81a4190c33510,0.008075140098618523
ck_5d75ea4f5c9080bc,0.3864274298712136
ck_df69858b8a8b3165,0.002433380423405597
ck_e15252ebd7553422,0.0011830710561820858
ck_34d6d74bb3ed11e5,0.006413754236477885
ck_c2608f78f6851d10,0.7970792329162744
ck_bb99071e8f58c8a4,0.7216089887163202
ck_06010f0df5b7cef8,0.01575557450881168
ck_8c582eb0f6c0148c,0.012937052090398448
ck_0034d010d28aea78,0.006341680758434502
ck_01c1f06692566ca1,0.02376456297057631
ck_4807726e797fb893,0.04896868945157084
ck_edc9668282e3c8cb,0.03451042393247321
ck_5486768475af7bb5,0.7639950915168016
ck_3fb9813849e51837,0.004412626942812105
ck_861af5a9a9a6d619,0.00695259187829804
ck_da39653add0f1109,0.005323444343581562
ck_74a4244eb1f162e4,0.0007698730358187294
ck_9a930faade55b8ea,0.0011955357397679571
ck_fb6e06ca88519dcd,0.06737056694843095
ck_9776cd8263a9f415,0.0073330150486797105
ck_b3dd1198ac5aea73,0.017925787687314735
ck_b6675a04df1a4276,0.0018951144814001192
ck_5c7ad6e731b69333,0.7697748932131501
ck_28dc0fdbaec00580,0.4301404324151469
ck_8e7a32f7e3905f4e,0.0647616151543845
ck_8563fed6674afc77,0.013519069722698108
ck_9a2fcccb82da663e,0.036760903251251066
ck_6a519bdac0d94527,0.0011584862042688883
ck_a0dab7aa9c4a39a9,0.001923784645312999
ck_a3ce05e9e5e32142,0.018822580938507416
ck_7a7e40ee3f97c035,0.08159967513368276
ck_9e9a830785112a73,0.022070286479122615
ck_ab1bb02f6b189304,0.5674154271831529
ck_7b8cb0f90fbdc8c6,0.007430402513495765
ck_b138fc249e659e60,0.005267563978893769
ck_e73caa3771ec5e0f,0.004915889975036149
ck_18a55b06ccccd88b,0.02144619173733128
ck_fdcb1d9265d8fec1,0.024903304458341814
ck_e21a900556b382ad,0.014754042185172303
ck_c6bf67470f526771,0.017606269529868827
ck_b568ba3837afb39a,0.0038119463419021794
ck_a2858979dd5645ef,0.005752266804659967
ck_1da9d40837ebaa57,0.038734947214456715
ck_9341c7959543c542,0.001066957804364556
ck_c8ad86806b9a2369,0.10107481423337357
ck_5c85d93ecfed4b0e,0.002178333456786262
ck_f07b09879d697b82,0.002243329553157798
ck_fe43da07608b1749,0.03259136052233245
ck_4bca22b5926b9c28,0.001322820232518315
ck_aba573aa942b1d41,0.00930186163101144
ck_57c14e32fa4683bf,0.004458914775889916
ck_891530b489ce402b,0.005029115977615361
ck_5e74fdadb93ff293,0.05938495285667583
ck_14436a409ebcc90f,0.004454246990274042
ck_00013fdfa0bd37dd,0.01336090527996305
ck_7dbe24ba01316775,0.023283826928360972
ck_0e3f80c1553c591b,0.011662977095234511
ck_3edc45db58760d76,0.008100364254078507
ck_29076a13f539187a,0.021686273918820425
ck_b1e81b58b9a545ce,0.03983386205157331
ck_3f8571d4f7420b2a,0.07723236206259396
ck_7dff6abe4bd644dd,0.0574967954391467
ck_2884bab237af16b7,0.006614980758693393
ck_231e6dd1fe708000,0.002096376716721039
ck_33ecaa7b892e73df,0.004509604328972827
ck_b109ec4c63503030,0.004272923118319725
ck_a7f522382509cef1,0.002744696097433521
ck_748b3ea941d8b3b9,0.006001234716439959
ck_29f3a1737a2d9634,0.011687585402794094
ck_cee8d42475a0f020,0.02207915234171243
ck_c6b6ebe145a8ffab,0.0033201556522585067
ck_21c99e1d6b881894,0.0014748287383331562
ck_5ad798286384484e,0.02322555347031548
ck_b621b6ffcc7f4848,0.0010177728274168329
ck_ea819e337233475c,0.06082838536722319
ck_9e3896c2668ce06b,0.03504583716378426
ck_501dcf1ead036d2b,0.015188750797185421
ck_8d5eda29a2cffa3c,0.003228576302354443
ck_4d3aa36ff83f1132,0.3605926901874058
ck_8e9faf94e3e6c757,0.00015641665938855107
ck_ce0ec41f96951048,0.011365430143370943
ck_f09165d73ee903b1,0.02494346416371514
ck_a432b1bf1d3b3d5e,0.13654033962664971
ck_ea618f720ff0b4b0,0.0036310058305444614
ck_7584e7bd755cb28a,0.008814470160183515
ck_e14681aad43e1a72,0.033463338189583094
ck_5e18870d8e30e379,0.025997269975763505
ck_ff7c26a62bda8089,0.001570371396363057
ck_cc5a35175d381d5a,0.011630159663355791
ck_3c25029e40aa8a84,0.0037416226583068942
ck_771247b5bc16c12a,0.005445662568030509
ck_664b5e02759f985a,0.0041311309875336315
ck_692a9e8f504b9762,0.0004603930362046317
ck_df8ad2deb0a4ffed,0.00981122607663408
ck_eb48c0bcd12ea654,0.041341721846372394
ck_7c77e597c951cdad,0.014103413377005096
ck_4f75144c6f3b13ad,0.08689706017028956
ck_1bcff399166d7c43,0.011620672171499986
ck_975c2aa3d4a8c51a,0.01758894888167441
ck_bc6f07b06aaa4ce3,0.07000420225329779
ck_80b072b7f3c7e8e5,0.012003465201645303
ck_471e4018a23b4e56,0.0027141365475692784
ck_53cddfba570b4a3b,0.020582151842638077
ck_630530e50764f229,0.1172537817843674
ck_dcef7887a4f1e435,0.127812754833453
ck_2795921a055643f6,0.008125859990019975
ck_7456df89f3792235,0.002556228477252682
ck_5014a3b07e1f049f,0.14418907664633546
ck_d4ec44760cbe03f4,0.015032844834012227
ck_96810ad39d4cb7b0,0.10734652333043679
ck_3222ea25aa29bfa6,0.0028026536628580337
ck_f6c42001b84a10cb,0.04002445447092393
ck_5ac86682385c86b8,0.009583795524183281
ck_4280c33af57eb4f4,0.0016817889898175832
ck_05f79ddd8eefaa56,0.014044548536276999
ck_3a57a13ce032a6fe,0.01474858020054423
ck_a721f0d635fad68a,0.018374174520791584
ck_a3f821bdf408c326,0.010031738948535901
ck_0ada63008be5685a,0.07193032804350917
ck_8c949bdc6e8720fa,0.22433804080423472
ck_c0d2c56f9c722e99,0.9912156048256421
ck_5d2b9e6e087b8dfc,0.9963827145638776
ck_5217b55593a332ca,0.2162584518544909
ck_7a7bb9be5a7e48ad,0.020971448184275158
ck_24cd0d779e866287,0.004087039420854238
ck_7367917891a63771,0.032083679577544655
ck_4b31a8862a857e6e,0.6226461062035313
ck_81429c4910ca46cd,0.0037831778451483827
ck_b35d803568f82d9a,0.009133988831679912
ck_4b00e75c2d2d0522,0.0010331314074098971
ck_77fced07f6dff42b,0.034415341485341346
ck_3c9a06eb07c300e4,0.0030332802657236095
ck_b3867f7f494db64c,0.002071468771180505
ck_0c45e54897ab34e2,0.03586210567861917
ck_507a6a580ab55c76,0.004128920491315375
ck_291bffc7809f896a,0.0010290490191174981
ck_3753cc5b9d02e2fd,0.003444272758142258
ck_4f63d5245b3ac1dd,0.04117251992801052
ck_9dfb2ae78659240a,0.025324740117786695
ck_90f6f5ced708aa75,0.0009213939726390863
ck_8b5b5a6b5539e39b,0.5986608718438752
ck_4719112b55d20161,0.0847374603357434
ck_fec888a7108ca52d,0.9596951750029022
ck_4f5d022c99f118b7,0.04037185995098334
ck_e967ff05514b697b,0.03683189480933221
ck_839ce35819bfa4fc,0.0009629730956567776
ck_bdee1221b9addff8,0.008336371914386652
ck_9cde4036d0914427,0.007888543861314167
ck_5ac959cbcc5e98f3,0.0036828663930638067
ck_619842688294dabc,0.015486911282787152
ck_7373d7b04c7799bd,0.05616153769822092
ck_c1dd3feb9a0b6471,0.015857711991255387
ck_0324a4812ec319c6,0.008857373666548247
ck_7f3685aa2933b251,0.18192439857598725
ck_06aee5a62a67a84c,0.05536206378851066
ck_3428910b44b9d08f,0.014038357531619182
ck_c3ba7534cefc1de8,0.005681173536299401
ck_1f1273a67cbad5e5,0.5744820999473123
ck_124565a11b2f8bb8,0.004348137618396435
ck_38e46bc861e0165b,0.013723183723417727
ck_c8ad3f01319c065e,0.037758800625761736
ck_3f94a34f5038f7c1,0.9606466810882548
ck_cee56be5a502fbd1,0.12439859378787468
ck_2b90b76cf4d162f9,0.007616352114065114
ck_884b2e463ff1d54f,0.003251971565968645
ck_fab4f2f8531b4827,0.005958710197524085
ck_4fc6256e0e60a926,0.08387710977855611
ck_0a2f8b2f8a5b6f02,0.007848213329350822
ck_9c0deab8a8367c5e,0.0026937536767032847
ck_d3a2a4c011fa2554,0.002124031061843454
ck_4108b4038f762817,0.6615988566243414
ck_4df036e2aa7e1056,0.009983985673986985
ck_ec094eb1cbb3efc5,0.004534747137760218
ck_09f8f51bfd2492c6,0.020596714263865223
ck_b60fb9a10d6f4489,0.05694990332378
ck_3638bc3388dbc1bc,0.046323222543719844
ck_7a58e0cc9943c39a,0.0024090814959031874
ck_37dab6a0a536ed49,0.034414415972430966
ck_adc576690df5b33b,0.0154319805728079
ck_1383b2b1875000f2,0.004823366845892847
ck_43c1248db37a2eb0,0.00986519200507282
ck_29c11bd68858e923,0.005479219577422131
ck_9401f9e11f65337d,0.13140853346221465
ck_ce5ed372b1a2ed6b,0.015837772050578486
ck_08b4619490e751a8,0.9151955873131711
ck_44b9125526acb05d,0.04760221713688903
ck_ef1a1de20d2124cb,0.14128437802271743
ck_e5e2624b7fc89774,0.04224051719741887
ck_f5100511609b92c0,0.0002625689678433525
ck_64f3bb17101b7c42,0.014986076510114455
ck_ea1e5b5128ecba2c,0.0010089594483002544
ck_516163fcf04d5e77,0.014349522774313877
ck_7f9a748110d70005,0.007545293969929961
ck_d263b55f0a681cce,0.016285459644015347
ck_0e962eacf98a813e,0.017950061277958444
ck_0406931800e0e2e6,0.0016673675273570622
ck_0e9b982afc88a3a9,0.9954508584387638
ck_8bbb625384edebd7,0.0015512358310499324
ck_5eaeb87bf6207406,0.9396032577286252
ck_cc3318839c4b0745,0.0154962515823987
ck_08a0355d1f1890ef,0.0058497546758415776
ck_af7ffd1a822460d3,0.17802804929654287
ck_2a09c7aa870edb6b,0.008986326343071584
ck_bc04f51c23290bcc,0.016289223396183296
ck_d3a8333cb389f4c6,0.01036521116749946
ck_88e3dd3039508332,0.00780654265734022
ck_b8c7771de9b57705,0.0024019844923309414
ck_585ababa02383b50,0.005035310641683
ck_e988c108754cee9c,0.015200386707931871
ck_4a691892d9d6cf89,0.006432082809254299
ck_7cdce37d895eefb8,0.01130040743333068
ck_483fb981a1fb4317,0.00539055164764879
ck_c1e5182bd99e0e35,0.3030808808392974
ck_9a1e3ec9a1839939,0.016561534762189432
ck_5c3f13de0dbd5086,0.062048482813346
ck_f4f6f0caaab70040,0.00404665504318897
ck_791be3378dd7d64c,0.011371553062531174
ck_956dd784525f5886,0.015500782664353958
ck_098167eaf124c279,0.06339243211548398
ck_33ecff7914349ebc,0.003372924165482902
ck_e05d44e46c7174e6,0.03098489417158635
ck_1b2ce474fa6582b4,0.027977614379678262
ck_ab581082e8f72e3d,0.007587487480628989
ck_e63256667aa19070,0.13011694228443318
ck_f568772b6cb3febe,0.07086472315279288
ck_dd89a282375bbab6,0.027509105387135885
ck_a39d0bca345b492d,0.002816400800704133
ck_d12d2924d0f7a64a,0.010854745707662379
ck_6a548da1728b5823,0.8926880900469093
ck_6d64193681d2a94f,0.01394698795570151
ck_ced6b6dcdc7c201a,0.012747156333798637
ck_d1b0699d26282871,0.30698079732066785
ck_58f757e40a9b8877,0.003963451584064807
ck_3272c2c4a37d5220,0.036924382090302646
ck_d94dfde9e03c9d1a,0.03166606438990576
ck_08a6d4903a7fbaca,0.021648648379668445
ck_6c72a36b05fa0f4c,0.024907500457615833
ck_dbb4bd4eda97255d,0.03327056970426244
ck_94b59bbc824b307a,0.0007760699976853106
ck_0229a07185f15469,0.016982183215878025
ck_11bf1039f8b3025b,0.006790976058546467
ck_36789ca11459131e,0.03150435947114141
ck_8572c5f5c1447c62,0.06414764412500538
ck_9e75c6641939f4fc,0.03996989116062511
ck_b45e47c39d4dc7bf,0.012853547579902773
ck_02903c48b6cfd65d,0.002166274965944376
ck_b153386f1729de81,0.009339108787836274
ck_36979996f33498f7,0.11290784842305321
ck_3c02d4dbbf6716b6,0.013832417450250505
ck_66c9a19963957531,0.07593241982568139
ck_bae8dae7cfd8baba,0.0008090226738458913
ck_bba0ccc6cd968680,0.09704256433163533
ck_3267fe3aac05c71e,0.0013231225712052404
ck_40052cac10562cde,0.006251864589357018
ck_d973444855403e2a,0.022822056850192753
ck_012519bb095ad36b,0.9897919236750744
ck_ad7c256ea10c4a00,0.1536891162649238
ck_70a60e095e9b706f,0.002442889418427326
ck_f2734417c0db4ee3,0.0011848847538600442
ck_9cb89cc3178e0172,0.0037560858799015866
ck_779cc0f2de4d5488,0.1372343786970367
ck_35f8656bf93e3b3d,0.02640487139426034
ck_bdd8eba728800e29,0.10246560852275713
ck_002cf760d173f0f8,0.020168593308592074
ck_b046067c6ca3831e,0.004649353751417114
ck_a4a42d4bff8af645,0.0171924655087276
ck_bce253d2396681a1,0.02359137975847774
ck_00dafc060c8de32a,0.008324768084119928
ck_968a99e097ee78c9,0.09704203753160102
ck_66949171b387bb93,0.04929944108140428
ck_ad305286702b1958,0.0008820642140070213
ck_4732da7e0d2dfc7c,0.001990359240780873
ck_17a95bba77217d85,0.037758800625761736
ck_3e2516a3e35067e0,0.00829698487994195
ck_0b615ed566da1f58,0.028752600787941004
ck_d2b3ce1ebabe9f93,0.01568652706135384
ck_a892252e4e0c2828,0.011122373423253437
ck_cf606fd6ebfdf9bc,0.0024976148155609504
ck_718865237134ebe8,0.0014369491897622448
ck_878522cb775b904c,0.03240961314098165
ck_9ed53de6ef779ae0,0.002546926423262119
ck_3f16e2cd7e6874cc,0.02604726008329836
ck_3c59df37895ead2d,0.0037831778451483827
ck_6821459b626d492c,0.001963808050007843
ck_11c7667920541587,0.010433246852332363
ck_23a016cf6b98d89c,0.037758800625761736
ck_7137eeb394d200f1,0.042005415233208596
ck_9c4886c5c90ddbdc,0.006344504890508277
ck_1422a7bf7756294d,0.9873776319991195
ck_7ebc5fa7f0d3b8f2,0.02408324510003117
ck_fcc2059a8d5c41fa,0.0716876649229195
ck_00ff7389d6a83e29,0.022083710765192992
ck_03129b41457795d2,0.03616547708005956
ck_38ba64efa7c38250,0.016295027299134224
ck_57a6b56b09bff24e,0.010250930103229907
ck_e3b3c5a80a567418,0.007179257474656841
ck_fc40a16adfced018,0.0010159226848876013
ck_9d4b5e6b43bad4d8,0.006558097700502537
ck_61129937ee466b49,0.03036297882810796
ck_74112e47b8629c2a,0.036700868594236685
ck_b4703ee97f94d7fb,0.002063176980485239
ck_e560f720a988d8a2,0.9352897519076173
ck_708fea345f68037e,0.0016969831569283366
ck_25394c1b83e0b803,0.01210608448669002
ck_17ab24fe914ae44b,0.0008211250280631942
ck_16c501470d9bb006,0.0006944531834591652
ck_628f449e248c19b7,0.022003860618180788
ck_6d64190623dea714,0.0020017905612362973
ck_504a45ee08db72b6,0.021728794954548766
ck_6cbb011e0c70bc7c,0.010490887047852603
ck_b3225a98acd04f83,0.015848274223037896
ck_aa37993f1c17cd1e,0.03420276134881175
ck_558cfe5f77a55a9d,0.008142208462687347
ck_0d0a1a021efea5b6,0.018837948607201758
ck_daf7aea023b7a8f6,0.017686679012915957
ck_d75f25184ece2b51,0.0018922680670894105
ck_466d4b5366c50b98,0.0026118869109982563
ck_88f27ab479063852,0.028471474786735798
ck_66779098e78c1760,0.00857999337853747
ck_b150fe4efb449b05,0.0029601571962296225
ck_9c3aa9f23d01fa1c,0.004869567522337994
ck_6a01c375fc26705a,0.00335754247868297
ck_002eb6552b504ea1,0.009612601207657
ck_affa5aa0bff9bb0c,0.021371067464598912
ck_027614eeba8b1a4b,0.00937441433803678
ck_67e075c982add719,0.0027771661500624895
ck_399b0d510be98bd2,0.011273365923848871
ck_e9b0bca7368555ef,0.0017331508656705768
ck_59c29d9c57b4f994,0.012159262100893267
ck_37176850ed68831e,0.003089107576420969
ck_a0db4ccca08030c3,0.8800383080725608
ck_aa188e5c25f7f42a,0.01471163673506533
ck_7de6997178207800,0.0016568232552378707
ck_c729d19053387be9,0.5520543026778567
ck_f2d3e3d90608596d,0.42846452858092593
ck_2db3fb565e0211ee,0.001184058010182751
ck_bed8a480e27e911e,0.02702291402792069
ck_d7ad9921a4d25926,0.0630542205033375
ck_2a59f23fc5194699,0.049455878111243995
ck_63601a58a6120d8a,0.007759905766159548
ck_efd7b9e22c6317d6,0.018348779350906088
ck_9ab42875a0f95b43,0.01943859113528603
ck_85cb5033fca7c846,0.02949361339861408
ck_5249b223000915ec,0.012620397630018628
ck_3efb0e9bf25612c7,0.0020093863367500256
ck_678e74532ac19700,0.009515756900934539
ck_a980b296c95153f9,0.008006076223431878
ck_01ac687ce0d696a7,0.009866708528586572
ck_52e1418cf1aa9871,0.035359360534089924
ck_7d28da4f1dab09ee,0.04705887420935208
ck_010d0c2e6c1657fd,0.13702455425064594
ck_b524f7a2e752b9d0,0.015572200354829589
ck_cc447fcc24a0772b,0.4663961020954471
ck_2cb3c99845e572da,0.003809951448860466
ck_604c710141327a81,0.004090506480603003
ck_8d5fa65717d2e0c6,0.013741152311635486
ck_31199510b40602a1,0.01051707250430875
ck_49e253ea12f4e922,0.01749697956696973
ck_780738e0d71e7e43,0.0031702826569240832
ck_2cd21137a07fdd7d,0.002308919559987712
ck_5e021f2a3b66e256,0.02701756658236582
ck_efbc79246e32c66a,0.013643844121142012
ck_9951bd806c13c7fd,0.12077827765967969
ck_7a52674e2806d8f5,0.0848600703041315
ck_1a319e509f1efa1a,0.001531663245254792
ck_c920901b9a4ba993,0.5806687696471119
ck_b71279e807d0b3a7,0.010782395123456398
ck_47e1032f490bb018,0.019502670167021827
ck_192579ecdca7ff83,0.01709002460300276
ck_b1496c474c4a3239,0.0012403694673093044
ck_5e68ea2c5e893cf0,0.033664924573432654
ck_f2ecab85d4693b4e,0.00589061091241593
ck_89d7bfc81c3df597,0.005776203731719764
ck_7929284327667791,0.10503718494871181
ck_494ec63c5ce8e150,0.009494135362178389
ck_319b059bb2145586,0.014433726188224975
ck_ccb3767c239018c1,0.0032745580423484692
ck_a1c7adfe26e09a8c,0.04274142577673375
ck_0e13c4f73818149b,0.037862928181886385
ck_c285a51ed6214f52,0.011477339120139275
ck_916784595f028226,0.026477684114226144
ck_6cd8e0196365c474,0.008068574393662103
ck_57b657aba4daffde,0.031300604222341655
ck_562c76a3753fc7da,0.4987026549226545
ck_66cfc1ebc9a513c8,0.006329815285746699
ck_0f38d4aed68d7d24,0.013880781670502095
ck_d8ddf5e99f7859e4,0.050334921594784844
ck_41bc3efa0fca700e,0.02531675192068342
ck_40799e129fcf42c5,0.07977775822976195
ck_786f079389126e44,0.08685878501786325
ck_bb4c6b713eb0b978,0.007732597470228302
ck_4f01f7eac0efaba5,0.010258608611556738
ck_47d29c01b20cf69f,0.013236684000887674
ck_bf15a1f8d67a30d3,0.019685935933324895
ck_bfecad7586f65e4d,0.21173227011381157
ck_fc9f16df35190eb4,0.23501406941096606
ck_c09c914e416edd08,0.004555490166636922
ck_c54c5d8e4433b0f2,0.01017448793343175
ck_1694c28f44480e98,0.006872111767717714
ck_1dcaa3078dbb7571,0.0008318337701192096
ck_af559f990c640e41,0.005393811896164044
ck_9b436162039a77d0,0.09679648093430054
ck_79d62ef181bd0cd8,0.026015363101019453
ck_23caafc2cd34242c,0.023896730873131402
ck_ffe2aa26f597e552,0.022055675471796394
ck_e6ffd0754ac08661,0.0022677640592468074
ck_beaacb4a783db21f,0.0028273040583380593
ck_9863bff41d24ce9b,0.007949292642589858
ck_323b9cc5c49f8ea0,0.8123319296871256
ck_ab3de3d3e41c2082,0.0015594713657822927
ck_35c93b2924900376,0.003697860625382438
ck_5a9d5f9901e37e31,0.010516352494454125
ck_782b0be796164335,0.0018424258729965678
ck_11960b5f1c7a5e2c,0.00476651379180834
ck_9a66cb13a9884cc2,0.0695403976581871
ck_ba666a425930615a,0.0015532332307933254
ck_40140bef4db73741,0.01039240554232583
ck_e05e91cc180063d4,0.29322989641557895
ck_c7f6f45710bc050f,0.005822251803924647
ck_055fb9f2e1c8c934,0.08086117417909515
ck_58bb02d98e2b9cd5,0.015640817203591933
ck_d9f8efa6a7800f76,0.004753124239143719
ck_69691226c68fd50b,0.21237959203020845
ck_6f2f0396e5b1c538,0.8802137494972744
ck_78bc3f1d0f35ea6c,0.01973602490397538
ck_2d5a6b6636a2596b,0.003250368664509448
ck_7878545739af0a73,0.000834720138499862
ck_03c4fa4f3ed3512e,0.0022649650715805374
ck_1a9e51d092d62c84,0.6440339543824981
ck_9f3861940d8d873c,0.03333584145035194
ck_4684fdd61c6a0fac,0.011699780752995987
ck_715966f86d5c913d,0.0009331377422487702
ck_77f293d44b4a3d2e,0.020214544064550956
ck_24dae044dc05f849,0.08039376137067084
ck_00b9818e2064405e,0.06530418561392687
ck_c1c2cb49c3c1b0f5,0.019247872555971195
ck_bed50fc64fbbf8ec,0.006256275261779623
ck_4f6ed5ea5ab7c429,0.0015978497489594152
ck_458531c22ec2f9b3,0.02462427068882816
ck_51c50c4c443df31a,0.5383886930753183
ck_732d45bd578dc39d,0.026614738948768996
ck_783fe5bc20cd02db,0.05342031156109477
ck_7f188aaa63d1d442,0.013650928382805906
ck_ef307a6aee38d1fe,0.7381277868192808
ck_e37196b20968b73c,0.057748523491463546
ck_4ef9de711c3d93b1,0.06501757127788152
ck_17946516d5df71d7,0.030894828336924973
ck_3534be0f4efd313c,0.00924857217636011
ck_29fbabf855cabdff,0.0014353878073342947
ck_191673540d8486af,0.12078000113459544
ck_5f52728d777ff2c5,0.04325216484837537
ck_a045a19369016818,0.9932002744913285
ck_4eadbe7298b15e96,0.017933608487077205
ck_a3a0bd59729fe619,0.008567617824187848
ck_a1e77090b1c6ccf4,0.003585899577357593
ck_69ab9d4784eb77bd,0.03929564640714691
ck_baa47383ffd50f04,0.012789955189739133
ck_e35b2ed08b9e55a7,0.010358316351426207
ck_b6e3af0a5119d9a0,0.2927895208792982
ck_a7c1dabf3869772f,0.07759793610233079
ck_80b8fca67a14e0be,0.3163842445631615
ck_dd9c5f0c42878e67,0.0008758172795588618
ck_41ef7967faf5ce82,0.0017591302118769652
ck_a93560aa348d6225,0.05659824573951299
ck_ffe91d6f0bd93fc6,0.0838283485164331
ck_fbf630c960194033,0.01096100790493337
ck_497ed60723283c0b,0.003587426143706362
ck_2a46b7ca55239413,0.005509235753171828
ck_1a4e5ace078dd782,0.0950841854324566
ck_616cc31910f5de50,0.011233352921681834
ck_0d65bc749eb42710,0.046165004608774395
ck_2408db62e4395ccd,0.009019048700612086
ck_5d7721930106dce8,0.018604542015581364
ck_e8a6acea22b20312,0.09306386221991822
ck_e2f792fae128b18e,0.05682654648086204
ck_e6d3ce445b86003f,0.001117857887367397
ck_263334d722ecbc97,0.04772125271970276
ck_8c5b29f6666d4874,0.008449974101710936
ck_7ea0bf310fc20c7b,0.7072781816691018
ck_54d463f7fd89ec3d,0.004200776116607034
ck_79e45040dbdd6447,0.04214929741763551
ck_60b4d59953505682,0.45083762610777267
ck_fb00dd5021642507,0.025418637543102293
ck_f409ff994a210601,0.01703569768566758
ck_2ca0020038bfec58,0.2521730137312441
ck_adf84b9df54c3d80,0.028878197226728138
ck_942dbf632591b65d,0.028115955260105574
ck_454a7e4d859a3409,0.0013039454388870978
ck_2139062d4569aa07,0.0022478763860725704
ck_e949a0f4df0b3902,0.03775609542722256
ck_bb113e3e6716ed65,0.011451186693456454
ck_6a28ea6ce69cb869,0.06264795213589039
ck_7df9910af2bba21b,0.005317933583583302
ck_78aa4b731cbfe251,0.0035951048480884567
ck_5839f5cbd8165b1e,0.03893511849014482
ck_7158ad9e58769ffa,0.023706979110365824
ck_acee218cbe61df69,0.021265485720356962
ck_f8dc8473c2772729,0.12891688127878997
ck_f34c93a8173555b1,0.057122403371404167
ck_7cf301d075e4e709,0.004339452218451859
ck_b87e88ee5512ea17,0.0025931996976663514
ck_bed0c020b10afa3b,0.011751791503795
ck_ca10102961f99eb4,0.0033993492727101378
ck_393287947b5c8d79,0.0553427246446233
ck_2fe6cac002142f67,0.01765975647642366
ck_79c7f0d29b1db1cd,0.06314012090251114
ck_c735b643d3cbf67b,0.0023718461489800665
ck_ea4332c8fe48e2a3,0.00828192494877428
ck_d39864119cdd460f,0.0018941946277269423
ck_3b963d6be2773861,0.003378938619102878
ck_df39e3b8a9fd0bfd,0.9660019369140551
ck_6236a461dc0d11a3,0.0022315387465449157
ck_475ebccca25e30d1,0.012246453386030502
ck_c10c8bcf5bcd516e,0.03812604953684754
ck_49ccc3716a564256,0.001433792160612441
ck_4e4f99102f6938cf,0.0030792908550974613
ck_a97b481ade6f7972,0.05590693979458356
ck_3fa559c679751b3a,0.0162290313329228
ck_3eba1fd2c7acc4c0,0.096925301442186
ck_18c179b4afc4fccc,0.004066557241717739
ck_cc1c0b93d05b7d20,0.10127393925305841
ck_742f7c28ddd019e8,0.02923818473359142
ck_04470bc93b8a0d71,0.020307594821321554
ck_6e8f8ef7a03cc6bf,0.1881526576916884
ck_eb1ddfc353b4da83,0.006418886868216784
ck_98831b57c7ca2e4f,0.0010275361945644571
ck_a6c7b8d6e8596d4f,0.036233786622234525
ck_cd7d24e3b095e96e,0.06862456957463062
ck_3f5ae4673a9f858e,0.008299943194595316
ck_05f375fc8ae0afb0,0.011043974417833934
ck_1fc98436281ee39e,0.0015752808594974384
ck_6c48c58678f64bae,0.0029104273428984142
ck_8c95aeec6a4c75b0,0.0020951807998051872
ck_364cde38958b7af3,0.03333553942046567
ck_85bf21aa1a00452f,0.005148325299307224
ck_796d3eaabc667c23,0.9916279544868095
ck_ac449ee0c315edde,0.0020822328856386894
ck_6f9fd15ac6b163de,0.0009312645613627255
ck_4087065be2a45ad7,0.059208593329819106
ck_ecf006bbc78ee3eb,0.3032375408753099
ck_8ca808cc5a49cb5c,0.0054198150268704864
ck_94b90ab8b2dfb50f,0.011003701791294883
ck_59fd11b3232de9dc,0.782351950281462
ck_67f3794d93e2dd67,0.5393186304071674
ck_b7f5acf5df1bb13e,0.005128869360629724
ck_fb04ecbaebb774bd,0.00425720546918526
ck_68ef3e7301c621b7,0.0319428524919361
ck_41406cfa209b6bda,0.0018905227367738947
ck_b0f8f5408662337b,0.002034095098924039
ck_0d2901bfe585c391,0.009082751364146314
ck_3398551e81dbf3db,0.1082873854574342
ck_61c3e3e277629646,0.01954392209549764
ck_2825e34dd3e7ea2a,0.0035411219583228954
ck_20d7571ba830009d,0.002006551347058219
ck_c98b16f9a72a6568,0.001276179020606157
ck_e7c8a9e4641eb9ed,0.0006245037440115223
ck_254a7c97c36dab8d,0.018962509637984345
ck_e98429675b46272b,0.002809403010370477
ck_c2fc0ac460786d02,0.1664511055731495
ck_fba15647b3a140d9,0.015180141670839026
ck_15ce50f2704227be,0.009510758427101109
ck_8c748aaa4a4554f9,0.04071818828997585
ck_e00e82a9419ff086,0.07573049191863723
ck_832341c98254bd84,0.034056938112024565
ck_27466468d06db4eb,0.17438118351238685
ck_9d7b9e3ff1f3e71e,0.021907148682238503
ck_42c6973d3a6fe983,0.0023308542157019912
ck_877c85bad118bc62,0.17185159018298218
ck_75d2a2715259c4d7,0.018711288322845226
ck_37d3e5c681a2214d,0.10459612360316538
ck_bf285dd49f372de4,0.023940838725711452
ck_a5bdd026fa9c50fd,0.012463504443471104
ck_88d9244a9cf7a77e,0.23729780154106764
ck_5881b174e49b04ee,0.007355184451516645
ck_5b16d67c5ea89930,0.04161660312638533
ck_b75b936aafac56b9,0.020507474640141937
ck_aed2681e1646a0df,0.026682023467464764
ck_f63cb5e8cc702bad,0.008989990543088543
ck_1805fcfc4a9e4ffa,0.9380065367350435
ck_25c355da356c730d,0.011021023428708802
ck_70396398e4a96449,0.0034286947094826457
ck_0f743bd13373748e,0.019805643018152262
ck_4b387765f0e916cd,0.0008851677360088991
ck_e971faae8a10a260,0.0011486525538324604
ck_9eb08369e983abfa,0.0006751440295531055
ck_c30c5844512e429f,0.05585066189908336
ck_59e77e3a81f1fa0d,0.20052280447194704
ck_ca4465f2b5c1a52e,0.8788047172975519
ck_c89b9ca398402f1e,0.0040500748032694855
ck_36e72ef9273e7a95,0.006359421108153546
ck_2bdd8616870e5e1c,0.0006008676593161576
ck_216e87a41de22b5d,0.07999157192358256
ck_60f4fb44f5efe3a0,0.003984510921788942
ck_05652e8ace6ce6cb,0.0019402959023841096
ck_8c136dc691e65695,0.000614716643947198
ck_a08f8dfadbdca112,0.002573944134636656
ck_bda4041a3e90d860,0.0056676363906350245
ck_15dd3ecaa8ce0245,0.3819175844149896
ck_3e3c64b3b7876ce6,0.023271180947373363
ck_46225858a38b2e57,0.0074254779006227125
ck_0cb9f54928f4feee,0.09228906775854555
ck_152671fbf8a9a78e,0.04801455991176304
ck_ee7a515e87d17d4e,0.014996090575896105
ck_f7276091bf513d22,0.007973891732771516
ck_4f05daf1cf0d5755,0.0015044306974959878
ck_83a69c4a5d55ef19,0.27541200590901327
ck_c50fed2a7c9198c0,0.06007463524972616
ck_70d19d5650ddc8f5,0.0066461904035408316
ck_4b4d99e443618904,0.03484293953318366
ck_dca0b6ca93311ca2,0.008721731487173513
ck_b7431d4706461ec6,0.004152685583159875
ck_7b59d22cadef3b05,0.04361631345800538
ck_53428573abcd606f,0.029836411675858415
ck_f538ab6aecf2adfd,0.0011346506266829662
ck_d321249fb065d2fa,0.02441954106102624
ck_72fdfc7e6d8e1436,0.0024064624948681463
ck_b52b99dad89ecdfb,0.015743204461309078
ck_d2d4282f9d256b3e,0.0052791878595548425
ck_c8f2a1dd8a6141a4,0.001383744425296883
ck_8d38747058d0aeea,0.19829173046958992
ck_3ac528caac74f563,0.01820094305205189
ck_8dbaaa00ad829ca9,0.05265384062380631
ck_7c38ec898f0fc21d,0.005456163362203344
ck_8171ef803f5ff604,0.014324262873153918
ck_01a750db6fc1168a,0.1098519607972615
ck_ceb017baa26e98c8,0.0660989885404178
ck_e2c66c72cc0b0f78,0.05882875948367313
ck_8d9518f64b222416,0.0015176752244166895
ck_804c5a1fa5753617,0.002125482648228527
ck_fca7cc9c42695453,0.00896349277542335
ck_3a632cdf2c19051b,0.006865556505058451
ck_b2b63ea65edf1dde,0.04424534113091437
ck_27b07021500ee841,0.030045729257493756
ck_9724718fe64c6557,0.7260996812391355
ck_2786cbc3e75ec034,0.2532114497236387
ck_d9c2622cb6df380b,0.0054608063182208675
ck_ae1da8ee98e402a4,0.0031639809629628994
ck_62967b91504149f9,0.015948399462043104
ck_6b255bf68709109a,0.003028843775587769
ck_c55afc68421d85e2,0.003481709409109904
ck_7c7266f6ef2a8466,0.022032931149135387
ck_885cf685a9541190,0.8780014667942138
ck_1a4bb7d3d2ee3227,0.01130050557179939
ck_b4911c42f3bff740,0.0007995408900346961
ck_66f9f78d4c6a3edb,0.08671633963665262
ck_49bdba9ee1899dfe,0.0055025231642689375
ck_79b235d51718435d,0.020312777143649863
ck_d840db8cfe2ef6f1,0.0024951493046157926
ck_610c7bcc1cd7ecb0,0.015683991664764006
ck_cf49b6544aff6c50,0.178135814591276
ck_de05f97c3d40dd1b,0.03593088763094492
ck_0302f67d75973dce,0.0779659512419303
ck_54c2604c9ca6256b,0.01965949215667764
ck_a1c88c0568f142d0,0.03841588282011124
ck_5d72ff6cc2963d1a,0.0009737610513475339
ck_0446920a1004c596,0.0030716059326827095
ck_71044c29ef071570,0.01101236078729121
ck_2122e9bb1afffef7,0.01524548444986863
ck_d1e3de178601d3c2,0.0652769577423528
ck_bec8324a3587ef04,0.004971534107570473
ck_b616b6f45225f319,0.03337557446713951
ck_ce1e695884511479,0.007284536168417434
ck_a662b4bf900781e4,0.0007261476941556787
ck_b5a84c5547378c10,0.0011740705400005772
ck_f80af368cfc6cb7e,0.02530042127464895
ck_da3526ab6c5c884a,0.005931937636876612
ck_bd20be9a3392d79b,0.009701431651522652
ck_b8266dcd90cbfa62,0.0037831778451483827
ck_ac84b33304362c06,0.016604411643999645
ck_794d8935a895e33f,0.02997324696968632
ck_8fea7d915259f1be,0.001722855254980815
ck_7a1519ad5ff45312,0.0005738298349126024
ck_9bf3ce30b65f75c7,0.039403553055870136
ck_5f864d72d1eead99,0.13524365024309812
ck_3c48e0cfc2a58041,0.5227381737764699
ck_d902183f80cc81fa,0.02176302011803055
ck_539cb0d117db8cd3,0.5977495005883853
ck_28f530aec8e77130,0.02813447681646002
ck_e7d903c50d353361,0.2412406713972499
ck_d288b77d1e227970,0.040993276753331656
ck_017208fcc01b5d40,0.0037996507632820815
ck_7e3923d278a5106e,0.004391995341001095
ck_9700a00ff9e66216,0.01768374524150795
ck_5c36c78b7a4d138c,0.06841187500050089
ck_c457e9c9224b773d,0.008115556263764203
ck_1dfa91405d7e66bc,0.006942544902809007
ck_f1d8a2695a575e56,0.008396114000167643
ck_3b92a46daf8d00d2,0.06907388821221631
ck_aab23b5470469649,0.0560253455604664
ck_ecdd01a391610d99,0.0017927262959132567
ck_abd3aa292f8edb4d,0.030006865164106417
ck_7fc9a0776e1339e3,0.001876078006032509
ck_c0389ebeb0e65cb8,0.0006411937656567137
ck_48d0fc4f6a2109fa,0.9790307385504418
ck_571dee4f3336c7ce,0.014667604861513955
ck_4cedf26628c84f26,0.00871087330860776
ck_63356762d24aab81,0.061144739705920395
ck_2c5bc11bb7ae5d2c,0.9775501019103047
ck_6d26a152f900fee8,0.011834313284648476
ck_c972b0e781efed3b,0.001202529501914112
ck_fa0ecbcf9a33d6ce,0.00559652875269953
ck_fa3a766e49dc77ae,0.015257915677925067
ck_7baf1e55db0dc558,0.11856051305157977
ck_e8bc49e6494c1f37,0.001179434750094879
ck_8ef1d05cc1e53e7e,0.015037875126866525
ck_cef2a485a77e0723,0.0017839523305610248
ck_228a583f23abff48,0.033973343492372146
ck_ac32c6e374782b27,0.022989231348724885
ck_b9485218cef413f0,0.07648449204129869
ck_7f15503048915d6f,0.005585356241203332
ck_b62f5144db15ad34,0.04776287667822879
ck_917d82c552f95a23,0.04770600797590237
ck_fb4797045077bc6d,0.003279527052815367
ck_2cf8a44e041217de,0.005249152694681515
ck_b7dd681eb3d2ee38,0.0008220357384449582
ck_e9e8cacd2fa35e79,0.019374770552717194
ck_342a79f91de5d1fa,0.023176197219336107
ck_2c91f62c05685ed7,0.0018904334871965248
ck_e30cb64302939f38,0.06963166920941122
ck_d0e95b90ba86da10,0.01653485232832159
ck_1774faf414a5d49d,0.12918022671776852
ck_2401e8ff89e574fd,0.583269538511702
ck_0cd8802264e0a1ef,0.016982168310979505
ck_da84a0dfe947fd3c,0.0025420122637199705
ck_c8affb27ba7fb5db,0.06006675687031733
ck_bc7ece8787ca7200,0.004234959056668922
ck_469a0578d05990c2,0.0025398565335993696
ck_eef67f8dea702338,0.014305372212912046
ck_4f490e379e9ded9a,0.01004773308622826
ck_354379de065a8ff8,0.006316573894446872
ck_5db1cb368bc41ac3,0.010753240073692794
ck_9b1c3742dd6fcb8b,0.035661594428170414
ck_63ce4f44c92d7143,0.018717877146880658
ck_e15e3390f5ed45f3,0.021899056840158717
ck_da645ea91d66aa6f,0.05396878700905819
ck_834ca727df855f07,0.05902902766407722
ck_e1d5ad20c737c745,0.01910962088126637
ck_ff8059ae5fa5f1ee,0.0005314229581093686
ck_8bb9e75393954a1f,0.0014101200273024523
ck_4e1757d1347ab387,0.9006472511188889
ck_af3f74b1d75a5d95,0.01973801758738353
ck_6b1ab0742ff04c3e,0.023096025642885976
ck_f56073911c9f1ab7,0.00555370419855921
ck_51bd5f69b4fe0b92,0.5651900036875388
ck_fc3d95030b81f416,0.000603077804304591
ck_cf78169633a1600f,0.002700366336383109
ck_ad7269eaa65c67f9,0.010190878632060245
ck_cc6d33890d47a6cf,0.07541239962085355
ck_bc8f31f4a2ffa1ae,0.000963586287207533
ck_720776a46e56dfa8,0.024140171935601775
ck_e2d1f212f259539b,0.017099709785728497
ck_eaf6f7082c3db2bf,0.044532250865271836
ck_773efe58c6278c3c,0.0934002558528471
ck_c4a72c09f2fdacc4,0.0026017683958544416
ck_8982888dd6611143,0.0013558513948965657
ck_9d5049e195eda029,0.021728126349927948
ck_de58ef6f9fe2b546,0.030340191471416565
ck_c0b50c11e4f5adf7,0.032092233155239513
ck_ddaf228487858bb8,0.037384929534878625
ck_eb2323215ff70362,0.017359211175810137
ck_168c96a1a636ea15,0.05626165946034148
ck_9c46711b14d9eebc,0.0027899113894471546
ck_de8af660806b97b5,0.0005169838147028955
ck_6ab83f45bf16eaa6,0.012496815010769421
ck_bf2228a052815840,0.010370302161372361
ck_3f943f20a9da9bff,0.02258942975984545
ck_3baae40454c00938,0.009221969862431073
ck_bc2e771a1d8d2dee,0.013017608428345144
ck_e55f5ca37f30ce8c,0.01796993188459732
ck_4ad5937bef176d89,0.0032684282393216253
ck_126531a9126c17c4,0.0023397459896624426
ck_7ec423cb56257516,0.038306105536197475
ck_54748ae0f2daaf10,0.023273111538700503
ck_ff24776280ceeeed,0.006743808371438684
ck_3c3a1a1365741bba,0.0028516517899071733
ck_615277c8a4e2b18b,0.01303756645757252
ck_a96aaef34173aee6,0.07008550789745502
ck_bea56db7f3e930e8,0.005265110614575503
ck_ca491debd3b32a59,0.05693505039363552
ck_d9ea77f4114a389c,0.011102996445870005
ck_322ffda3332d08a2,0.03654980416079141
ck_c40ffefe4e30b001,0.022450140133070003
ck_3b1d7648d4580bef,0.014173016934826544
ck_23981a3261674131,0.007485243142966095
ck_11667f5b9fac7bc7,0.0008281068508377736
ck_646bb3c7be5f0817,0.005907647117310816
ck_ebd0a45712dcf07a,0.027331043436454778
ck_baf43bf1bd963f9f,0.02261192453134337
ck_e0ca2c819658f6b6,0.954772698630507
ck_f0d6633d0834fff5,0.03874676050296996
ck_91081be0254878a5,0.01783896126068358
ck_1325000bc7f35b5e,0.0062385739482177585
ck_c624b9063400fa3a,0.013757361994176763
ck_0ad6fa0e23c3bd0a,0.11994471033467795
ck_6ddb55b1f23c6cb1,0.04905616200186162
ck_dce1fb3acd65562f,0.002290894349664275
ck_a9aa389688ee5aea,0.011720370920908756
ck_5c5284c45d9ad8bf,0.16674325938330312
ck_9ce743dd3e92549c,0.036868534501907434
ck_8342e08cc2f9bcb7,0.008655087160081601
ck_25e551a0a8d2fcc2,0.04019009800834744
ck_d4fd0e438c97e0c7,0.019080414439408104
ck_ac7fe1c344190c50,0.006466871826154849
ck_ddd65711b5651f89,0.002337722954244963
ck_ec7406cb5cbc8f10,0.007553020420695588
ck_1c65e8d5be3b9c60,0.3455302837437099
ck_38ee42f15a573e81,0.06093847120455589
ck_0e5385c70c6de025,0.004597505503657096
ck_d3137f0f7629040b,0.004886136924433914
ck_9129c92c12e0c8b4,0.005874849698289138
ck_c86520a00e50a926,0.0766184636098694
ck_87f82b2b5fee757a,0.035886662245080386
ck_643abfbd7548d0c9,0.06431149165193673
ck_be51f4e5e6b85768,0.11334090630567835
ck_132c16312f37810f,0.0029688525752394803
ck_c78c096ca8cb33ac,0.00033244687111912775
ck_2ce5afbc014763b8,0.021541417360830598
ck_50ed8f4e7ae6710f,0.007859920326830873
ck_5a4eb535c9a11993,0.025469884673745852
ck_9b665ef46d785324,0.01864263858947942
ck_e066f71f8b296b7a,0.007778243026071008
ck_560bc6017870ab06,0.007456107168432532
ck_fd78f8a8663646d7,0.007919544398904108
ck_4af5ec61ddbde1a4,0.034058241707147975
ck_c2ed04a9d218410b,0.008833304767158242
ck_2455d43bbdd2bb69,0.008124607286322598
ck_56eed7041add49a1,0.14490361996793202
ck_5f0be7b468a72333,0.00798441696865343
ck_19660cec756632ca,0.0029690786128962966
ck_fb90408f4892a21f,0.004576530318268954
ck_833a65b86a5d9bda,0.0008452355256172397
ck_2ac36e1dff211d38,0.018692682196439315
ck_c00e70606904539a,0.007101777603929185
ck_ba8affe4b9505a95,0.2667145687993262
ck_0c3dd22587b08018,0.015137712135219125
ck_618c4e5cfae99dcd,0.04222692853325389
ck_c9690baddfc4177e,0.004041961166214611
ck_59fae092fb0c4aa3,0.05774667490334998
ck_e03b7d0fa0b28f4b,0.004330338281415059
ck_d451d24c780b5884,0.02008768055220424
ck_e980d325b8dbb8dd,0.001596185944403193
ck_cff18e2d8c520272,0.004548011123601011
ck_a0e46b67e986ab56,0.02824727448646226
ck_3a469039a5b9d963,0.011033616543236842
ck_12cbb211ebd2b437,0.03555386486968208
ck_b8cdd6d6dccc4554,0.0019327040359288059
ck_794ba5921cef50c9,0.037460728459609814
ck_2c7667f64edec2b5,0.005486962687836253
ck_7262b4e0c29c942d,0.0277397918428322
ck_5d818522cbfe2a54,0.04138638520900441
ck_de39c1947fb675ee,0.040186145278461975
ck_c021495606b4735e,0.023228228485832062
ck_1fc03ba33edd9e67,0.03405360616730338
ck_a6fe344bbf67f14b,0.010380372251825509
ck_963762210edc5694,0.019584791000298123
ck_d064428b7e7dc409,0.006648249782975435
ck_59be61b53d971611,0.010487945899178838
ck_ec8738ec663cd2eb,0.03527764119888599
ck_59d086fab5998646,0.013667016832040926
ck_bd32dd3b2cbb7888,0.9839053087810153
ck_ce0166addb93bbad,0.0022650361833176104
ck_7c0fdfbb447cdc04,0.010432900745756096
ck_cb1bd7635968ed8c,0.6192155147597765
ck_66f94903177f20eb,0.018048803506830743
ck_1d7cd5dcbcdafd7b,0.7036604278367755
ck_5e418a7c04437b4a,0.01663532180702748
ck_631ea1ae91ab333e,0.023839602007949556
ck_0a8029e79a5ae7ce,0.011896004754711656
ck_c4cca8278bdad9b9,0.00126483367587267
ck_4dec3df58077a257,0.026388457375523273
ck_609c249edd88c565,0.011855346124571182
ck_02e5f9cbbbf2f078,0.010359465908629562
ck_32e486859130458f,0.695121726683111
ck_21ed2ea6386c5a07,0.002855336389822743
ck_1242aa4496576a99,0.001716352130358229
ck_475ea9aa6d3898b7,0.48075644223748193
ck_fe1b1adae3be70a6,0.7632145869540807
ck_c5414d7a8031d4f5,0.0070960354322345326
ck_ca1f6f01868e978f,0.002843162802399253
ck_5eff0208c74ec714,0.047549412758124916
ck_a315c9619a317609,0.022892932737426666
ck_2b87683c90acb852,0.060476719773762684
ck_7cd9f39c50748ed0,0.0074810630336892905
ck_16a06d58d71935bc,0.05034474797071442
ck_d116e0e7c19b878e,0.5981677246096634
ck_931510e384b1d0cb,0.009343276428790537
ck_e7651fb87bb24132,0.009576517699327531
ck_88ef9f85948e1a01,0.0012224497059277288
ck_17bf38d51115a8f3,0.002845265697590495
ck_2659d1d3762a2825,0.016122070590493583
ck_a7285955e2852686,0.032104057341775336
ck_f2c33d5b65b321db,0.03507825342064099
ck_83e5979334345622,0.0073459250083432615
ck_629537d8b4d0f395,0.004765464045248292
ck_72022008a92c9386,0.02131140823296253
ck_2973b8274f0bf69b,0.011591953739514342
ck_565e3418d2f4061c,0.01321220597404013
ck_54bb53b8f8ea32ae,0.9552120275751472
ck_af0a6540ea7a36b2,0.06887363226047354
ck_888651bfc2c8cf70,0.008004765644252777
ck_1dedcb48ac381a1c,0.04180841181530494
ck_f73273e220296be8,0.026470948685149584
ck_8424bf65223a5a9e,0.0028706428789586048
ck_337b930fd149a696,0.00885517769833736
ck_8a4952de8a123ef8,0.006116998208838087
ck_884168153c9c0c81,0.007265588386941596
ck_fdda581aec411010,0.002543794983762409
ck_2b7cadbc8b180d32,0.893670336780181
ck_8aa8b9968233a1ab,0.001252863354941849
ck_0af18b3ce015d294,0.006147741997453482
ck_8dde670a735d1e90,0.08946603878965464
ck_62f46226f244139f,0.03669235436693442
ck_f948e8a8fdd79b4e,0.027781271889472804
ck_fa00aa0f3e859904,0.029770310711555146
ck_fc7935f784a4f249,0.004039849970412886
ck_e7501307c0698e5b,0.05214727320658672
ck_549ed417f2834cee,0.04322116768110872
ck_fb2a35571ec719d4,0.1537340329456963
ck_25822068c86c856f,0.002096973237556216
ck_8f35d229b62c8f23,0.0045942181316788715
ck_bdcf049c1e7d0c95,0.01829232712377464
ck_0aa9db36eb16422a,0.0022623056570408723
ck_42dcf92e9e016922,0.09588183072537351
ck_42341cf31c08c981,0.0023492205272806475
ck_0b20bfc515ba42a2,0.006053009296299164
ck_0ec820b670d48098,0.0008204128137277346
ck_1f0bafec397da8e4,0.012317519175417504
ck_82f07504ab59ed33,0.06975613340497276
ck_337b24a474010abb,0.9799645289103538
ck_703703bda38fdcf8,0.019726644313633093
ck_01e7960c63dca3a4,0.8684224962439726
ck_be5bd81e3715cb8f,0.8415633169206578
ck_197f8058cea1fbea,0.0010226114605073574
ck_eb3fb1106f2f1b21,0.06867998562031294
ck_658b4b54be09a4bc,0.9741850553001139
ck_266ce7ccf41ccc50,0.05392715832789799
ck_110608c3b03d4038,0.1963145429846161
ck_1be8cb95d6d9bbf8,0.004323774678432497
ck_8e16a64a776afa82,0.04973757794846099
ck_34bd190d37eda534,0.05925608478637
ck_4f521611ae14ae66,0.0029936279792631606
ck_d839798f9520363e,0.140963357002488
ck_d1bbfd246c0ac9d5,0.005033604618376668
ck_f19030e6e85a6776,0.13290978111649163
ck_cdabe60ab59f9d5a,0.0067763027087454014
ck_bb84b2b30293f566,0.6925165229234687
ck_427b91925952cb40,0.019679066305014318
ck_1078b1e155b5b640,0.014844416323112357
ck_95fdc264eac72fa0,0.002219745149146713
ck_e35eb857c61548b2,0.9649078305046415
ck_69bd0b1abea7e1f0,0.2302479033335085
ck_59de511b20c842ba,0.09596923033747103
ck_168e7ea341a36b80,0.008832494808961974
ck_4937cfa6526ea138,0.04328983442552465
ck_bb1a981306b750ac,0.13661879285873432
ck_f42a43e4c3f34ccd,0.002105469190513588
ck_c7ae1d4b3ab38185,0.0012765737698789783
ck_bd23cf9bba1dd33f,0.01849151959158094
ck_0fd826fad7ec7cd6,0.043354405639183496
ck_f143641bf3dd0414,0.017300803316505423
ck_ad6d48c20a3688a7,0.0068289548795999015
ck_7bda5b5b927b2905,0.18187719453131157
ck_a337eb38eefdcc88,0.05235357463106067
ck_403da2a2d800df9f,0.46477668127140875
ck_aa01d5aafde73d0a,0.0015160478205880864
ck_494954023f0eb309,0.1339861236769198
ck_1c6820fc38135ad9,0.011142244908596603
ck_0e0bab173622db9b,0.03143152582903591
ck_547090bf35a3b243,0.016466880368033534
ck_d69455220b21dc9b,0.0014439788724531786
ck_90b4ac695b9c6bf7,0.0021466067239320906
ck_8d2afe17c0082e6a,0.07340521876364545
ck_926b81c0ba528eee,0.02716335353793904
ck_ce36b0c287bd198e,0.06099615682657117
ck_8026e017909aaa6c,0.011327028059878971
ck_dfba788f35d4c372,0.007576756904895506
ck_f09f9d0e0886e0c6,0.008568036726315962
ck_4ffe0366df388604,0.03935998066567245
ck_75bb521de55644c7,0.00729553782343206
ck_81a960fddf79ecf1,0.8210979902238412
ck_8f43459991ea511f,0.025111233335067644
ck_f878b68d66fbfd4b,0.0018740136742226438
ck_e84abfc0c747c9dd,0.6109428541050879
ck_3ad3fd3cceb56b66,0.8352615974840772
ck_7cf562578c7f158a,0.003149329281751953
ck_f81a97d350397306,0.02675348444012631
ck_255d87b7fb40caa5,0.04148464465574238
ck_b3905153b9eee924,0.03865081032360399
ck_2c80a592fb4cd6a3,0.001697465315514088
ck_57deb202d4188a29,0.002592531031924006
ck_e3cb5f31d8e94448,0.5518410842362522
ck_0db62d5f7f75f80f,0.04410917391023812
ck_ced9163ea85589ea,0.17687079398085528
ck_e16528edc694fb33,0.8505292767526759
ck_78cc5ec4940fec3b,0.003358382800671721
ck_31742076e9a998f8,0.022652889794514824
ck_5ac335f02280271e,0.009729467541718093
ck_7cc2e091806cfa5b,0.10575515839657228
ck_3152c7115257f084,0.012843050712625939
ck_ab1b9d019921bca7,0.017116463574417193
ck_c33a762d98f9b290,0.0023240073736673153
ck_b16a7c51b6f7a6b1,0.14010990348893396
ck_97402a153348e68f,0.00545137917438315
ck_95391029a21caa24,0.018020984760579555
ck_c2015a1200971fe9,0.028673731772305693
ck_ed4427962c68918c,0.9063811202424701
ck_c5e4a17d3efb19a4,0.22508957045781922
ck_8aec3d3dd51517c2,0.004913896646579338
ck_f5178a658225d8e4,0.0022875745947333395
ck_8594f165e95316d2,0.002655967836530766
ck_f0c4aac04076a6dc,0.07264781073633805
ck_ac2f7397801036ef,0.025165295155272282
ck_d1ea4bcc407c7d5e,0.006963925957664611
ck_cce8b6657a538fe0,0.021605219983679758
ck_66d0c6d6b67a8d58,0.0017315618301303947
ck_1a6b30320835e57e,0.024733506003569578
ck_8cd274cc85aa35d1,0.032990070685645294
ck_ada46085a78280e4,0.01251970042863936
ck_ce1b06623e4a815e,0.017133074431590213
ck_45e70c8a9686580c,0.0630194971889232
ck_0084d8ab6b1044f3,0.00228166270527697
ck_a5f7b6fed6df2aba,0.08882848332624937
ck_94940d783e7988e6,0.0051570543192696865
ck_00f9ca84d1d8ae7a,0.0008548007533900197
ck_0deb56f3f6452818,0.0023741998039478562
ck_a58e900469dfc3f0,0.004007792024402035
ck_028c41b195280980,0.006244667879954501
ck_7661d7ceaeb19f97,0.019464201840602276
ck_6957905a65c47879,0.0663555398044613
ck_f7c6c26ef3c4ae06,0.04129680248938413
ck_8777beb11aabd66d,0.03919122912239164
ck_7db098a17374bbf8,0.858704126399537
ck_66aeb00e44486cda,0.32123444737856605
ck_838c52cc1d315ec3,0.007386106789657595
ck_1745847cd4e5dc83,0.02032022956720972
ck_201687857ec8b3cc,0.04804121739147635
ck_81818169208a8cda,0.07937921901239185
ck_3303fd3f64632c7c,0.2416534636850762
ck_edf1096809e83ef8,0.0007319707225308085
ck_235ce9603c7dccbf,0.02848283062476039
ck_9df7e153868bca13,0.0031166614304182815
ck_3cfeade2cf270fee,0.018471575855273592
ck_982b0bf2e2b6c4f7,0.004387277389602191
ck_faeb0da678bb86c0,0.006830514087841346
ck_e86ad2fe815b6ed9,0.04210618278922829
ck_70d69e5d1bb99e85,0.00882205105848191
ck_7e9a8924eab779e6,0.6682989099583287
ck_019d5891103e7da3,0.005434461454130799
ck_14f0484b3817eda5,0.0015042685855257295
ck_85de63d278f0fbae,0.0016588592876293985
ck_ae91b4cff57fb3bf,0.011512937402359126
ck_2a6d43b9f883b78e,0.7003240082178035
ck_7a4e3d553e8ab5b7,0.12196868883360655
ck_fdf89dc69f700f84,0.06341102715427321
ck_f92e04024bf13558,0.0011444689101870599
ck_4a522ca2dc4831a0,0.0005407738529681914
ck_68ba25dc3385fea1,0.02832735853548728
ck_22128a4f0d033422,0.01759123435538344
ck_5b52ee0a13c71590,0.006006477971716252
ck_59472d17debedafc,0.019980362743671945
ck_9dde2c63acda3ba3,0.008071466571749977
ck_7510b1023cd08531,0.002605668195762849
ck_071ddaaf2e4e3671,0.04285032405470971
ck_1355db6f4010232a,0.008280462928651974
ck_0a7adc2f27f98510,0.10587149730637314
ck_68250033717cd59e,0.0007522914672442768
ck_7c12de74de30b788,0.6169529363581235
ck_65491367584c730c,0.02989726188440231
ck_e9047964952bee70,0.06151601665451392
ck_5567779d6ba184eb,0.014491019470145316
ck_d6ea026357ec6477,0.03628852402441984
ck_cd7dcc884e283746,0.012807707866473231
ck_0bd77fea8ed75a15,0.03253047892412167
ck_e80883208e8d0453,0.018475900332270208
ck_2ad0ecbacd5acf8e,0.8254476428017732
ck_6c1dbee7e8fdd5c8,0.010494542901845729
ck_ee4d9a7449515908,0.0012044639342951595
ck_636111f7f030496c,0.001288343954649908
ck_2c629c657f73941f,0.007529845677035101
ck_c1c9d3842d758420,0.06518303555048825
ck_e4df7faacdfe8c40,0.04148515793799407
ck_94e8142728e44380,0.02381720142038864
ck_765aaf42c5088545,0.007323960166217866
ck_e0f845159b6e6a4a,0.07663779322115766
ck_5bc07deb82edbad7,0.002185261706899934
ck_713159c5c6a7a4d0,0.9959641994753119
ck_b08afc91d9ca55db,0.037758800625761736
ck_a7bc323ffed2ea97,0.5110568921902013
ck_85ca825f905a34a1,0.03604016714769695
ck_33160c443d4b3f19,0.02091106792151675
ck_832d39c590a3ca75,0.3235742602213453
ck_7d1661a34164406e,0.9562426929953576
ck_c2466fc40fc9d5ed,0.9617629938543933
ck_ed0e776c0926ce67,0.08495136390684167
ck_cdd2ebeec75bfa69,0.08022002891926976
ck_d7877684c7923ec3,0.0032785025539089937
ck_7384d4d2406aabf4,0.009165147893040298
ck_b8e5244e650aa81b,0.12125981954901602
ck_25a1ea40b2d59254,0.0016339713288299716
ck_b9e5b318ee4de68d,0.007934541323123502
ck_620d7ae27af83cea,0.017682751179612974
ck_40b4e264d1a12b83,0.8213726817018083
ck_b694c803b62862b3,0.004293028483461553
ck_cbeca201dbade3e5,0.015251243306723937
ck_f9b439c9161c3e52,0.002367280815891671
ck_9880410fcd10a28e,0.00045814716816704567
ck_74928f5f91aa12b2,0.0584144376983965
ck_b6673bbe61d2680d,0.13589098177078482
ck_53c8315b5c30acb4,0.027735160925122807
ck_78f01d78ea79642f,0.020531828870365986
ck_8582490d6e365a63,0.024056071985346473
ck_af25c72d16299258,0.0021859851016397926
ck_7905fe8e257b0449,0.05306248014995491
ck_0d16d9349e4a9e08,0.007918997204031119
ck_31b16b8848584e98,0.04443724345163665
ck_67207e3eecc02d76,0.07589439478491888
ck_e6b95ff91116a592,0.0025314827389052723
ck_c08f622bcd6de6e7,0.019676862866619446
ck_f9a68da9e0f0bc85,0.0027206107806902664
ck_4072b59388976896,0.018807453778926404
ck_8ec86e853ad52828,0.22242925563750093
ck_4fecb87eaffd5cb5,0.007606087831689829
ck_d6880578428b965e,0.1624447022578281
ck_bfc82b3c1c9f2897,0.2943531723004425
ck_c340644176ca03e7,0.03986195608286798
ck_321e740066fb05c3,0.20847734698658113
ck_8929d2eb09872052,0.11460443053788004
ck_205c107cec528414,0.32271023748171423
ck_e76db7d2562f9836,0.03486501857779482
ck_9ede51c8434cff6e,0.030337327710651424
ck_492e4b89c61b7b6c,0.026418504219882608
ck_9385f5a1eeebefcd,0.04866680045596907
ck_ee52c7bf88f952ab,0.01657351688079016
ck_d8116c34302021d7,0.0006094256257242399
ck_01645ea51972e99a,0.03304486523919161
ck_7b45ed23304a854b,0.017000212513224665
ck_2096d32f3d497ea1,0.036375361993810876
ck_dfbb2056f1ef7d3b,0.01592230789811138
ck_938ce30c864bc7df,0.0007573828138350769
ck_ff30dda2c881a4bd,0.666454129620916
ck_f88c79186a082beb,0.028170127889818437
ck_08c7bb0f9851cb76,0.05134714011529052
ck_2675e7a008e584a7,0.02879562769842143
ck_cbaf8a954281d4e3,0.896335759069687
ck_8b24eadf6c72b30c,0.7380766818422283
ck_ffc8e3c1377d0706,0.0025887282290102793
ck_5b59e859bed5b40e,0.01747716097081139
ck_7b61717f172f9317,0.9676695682167639
ck_e5c30947b732f661,0.06036462023175624
ck_bc273f3ce79f7e1a,0.004397906501203106
ck_f69e93388b3028cb,0.11366130072300158
ck_3837ad850996ba60,0.024629354091061827
ck_36d78ff3bc033ee5,0.015869114347019205
ck_5e20953547ba4135,0.06662840431395517
ck_258d661e450ac870,0.010898762956496059
ck_1df66f537496ca59,0.10834268178758008
ck_361f535599110201,0.0012982560145366907
ck_337e98c69f6e7886,0.0029676052899459933
ck_d3d5b2717cfc3913,0.06909508097254777
ck_b1dba768dbe7affe,0.010971617071860007
ck_92d782bd9ce0d1e3,0.08734947556802909
ck_26bd0f8898afc8ba,0.001673208152872444
ck_7916e53daab36745,0.035642665870813744
ck_2caf553b31831a50,0.018496155572499336
ck_c6200734c7f9b2f9,0.9113735087261301
ck_cdc55623cb16e6a9,0.022085384397935174
ck_57849e15b61c43b4,0.002937439245137245
ck_b7af9b2ee0eebbc6,0.019121912209254955
ck_00aa5fc3b3bc66aa,0.05687846605630364
ck_9929723f65636c7f,0.9906031131981471
ck_8f6cce9f69912983,0.017190504325159818
ck_c422ba389ff00781,0.0005023988554526407
ck_9ec7f334604a228f,0.040725783407086005
ck_5d01200ba3341462,0.017334329206774298
ck_2bf10be403849c9a,0.04619552307055802
ck_6ca018259f70858f,0.020757376990890385
ck_a54dc042ebb7c766,0.039623524160156715
ck_79da63fc100830b5,0.013904809878029471
ck_67ab6f9e05c85085,0.018965869106803427
ck_fa80da579ea9afc0,0.006200352071876382
ck_4339f86c87289222,0.5928840768071445
ck_a2299b4f530be0d6,0.09803831328580996
ck_19db0bf788697c2b,0.0516984050275836
ck_fa4211c4d826d830,0.001203727204725953
ck_96100d5e8e051e91,0.0012544596121993466
ck_5c3a671883d58b3f,0.0006596476548120499
ck_2d9524787cfe1ab3,0.20535621988687106
ck_47ab8e51e5b3a2d8,0.0038467837743443732
ck_c924f36bc1bbbaa3,0.003414843710887544
ck_5c58e7f8fd55e26c,0.0026056265079442455
ck_a07e7409d6d5aa06,0.05259320006603936
ck_c8413898f5f7cb7d,0.05503038331627823
ck_577c816b41cab002,0.5596405605246555
ck_9f7807ed64cdb728,0.04402069464757878
ck_495d814d6d6d521e,0.002738703409427439
ck_7aa8bc018c2b003b,0.0024531137912114235
ck_7c3a6a82f3c3241d,0.007357471540338467
ck_487f7fbc290e4ae2,0.01442448037857007
ck_e556c4d36aadbe03,0.0031664157011382786
ck_7e6569a1b2455cb0,0.002060181022404558
ck_de2924955926d046,0.019701588746954296
ck_73d60b4630e3937a,0.0021028059972755565
ck_805ee564bd35ef15,0.003480763756921175
ck_0d40961e47797027,0.011738105221689941
ck_f06d00a4f9c87d80,0.000386820736998532
ck_5ef50fb07b6737d5,0.010171328161035406
ck_16541fc15683e21c,0.001942353861347702
ck_09fd43f1b7e2eca2,0.0030059704429451282
ck_2a2c336a69b8d68d,0.0026951405153120014
ck_2685f38930866af0,0.022302344771833137
ck_298278a9da874437,0.002643596927426488
ck_00bd7803f2530c68,0.050934011932540275
ck_c2b4a1d8c0b6c1cd,0.0019909157992061793
ck_2acb54ca20c3af6c,0.02995846636266582
ck_e3d4b6f681c783ab,0.23434150562159423
ck_f90293f1eba5d7b6,0.08900682784607522
ck_e69d27e8965df0be,0.0024215195445252825
ck_b7f5d10b427346ad,0.007344019514344923
ck_1ce20e4223a936b1,0.028873026459667776
ck_6b97d1ab90f6bdeb,0.016608389539683466
ck_e30e17db5473c7b2,0.0008549119327087643
ck_154c8efb19dee665,0.005347529961318419
ck_6f5bb0c930644cae,0.9959917507479552
ck_9e17699baa83d173,0.0005084712864563992
ck_9693b1eb70880205,0.014661754371765734
ck_1e97899875bb427b,0.0060539186373930794
ck_558a82590f65df69,0.014244414984630287
ck_18df83242ff3cdbb,0.06596550080875498
ck_80ad4396e1084c68,0.05139558854002075
ck_0a993bc947bab61f,0.015734453286791582
ck_5c2d43ff841632f9,0.004857862936844199
ck_6e4b99fb9725d9fa,0.027493601352863637
ck_e0983999ca26c19e,0.027332199832047852
ck_6573c4947cc8607e,0.21425770630349053
ck_d879d645d6e44207,0.014563066562464543
ck_1375ad9f10688e4a,0.0029137074024202193
ck_7501ebbf4e21f160,0.013103100351218663
ck_ca60d61cd4dc3bea,0.004394224678561271
ck_ab9ea095a5c58b4b,0.015545268371690657
ck_23756522b58df5d8,0.0027128203650292767
ck_90bc176c43d85fd5,0.3382694437769399
ck_908b663b2dda94ad,0.011370216471143207
ck_4df2fb8e4b649e27,0.00904584032645488
ck_5615c6bbdef05291,0.09080399480101474
ck_b62f3e3185251f71,0.0005229446802851896
ck_38d1a22850178f33,0.0011896343095900465
ck_5b3ba20c8bb1383b,0.024212171175345906
ck_5576ffc6aaf6f22c,0.0019067334860825578
ck_cf7a022178165e56,0.006904015320756923
ck_f2c7a4c50e2ede96,0.0128596050783933
ck_285719c77eadf915,0.0019424522982400174
ck_f2aa1b677619ab19,0.0287852522324331
ck_3830c58d841e9e69,0.8303273029667873
ck_32eba3510c8eac5e,0.00578049350002558
ck_8955d7b9030d5eb5,0.0018021520026965153
ck_6775e387dace7525,0.07454916597755107
ck_0a0cd7f4be606a93,0.09240769866974602
ck_a9f700eee5d638df,0.005489554577085252
ck_3d7db96995745472,0.03589761466220432
ck_aeed557007d52e9c,0.0008138476439332372
ck_79b6a86830156b5a,0.0055970299974755265
ck_6a1ff9d69466181c,0.9879083731086229
ck_f11b1565f986f5e3,0.013149194367077796
ck_4819327a78615485,0.0026577390095499573
ck_3ed9e081959b2f5c,0.010842927318561502
ck_16af4be191c47d3d,0.0015848935559281258
ck_25122cc0e8b1a662,0.06768955522382569
ck_509c22828d467ba3,0.04373917657795421
ck_31109c899336348d,0.11008683426001274
ck_c51131e53baa59c7,0.0012948714044408746
ck_cf8ecabbc61d3e11,0.007067802346518715
ck_eb6baff0f85ba936,0.013647765702491703
ck_777669e2243204f2,0.8081040339999547
ck_ac0ea27e692acdc9,0.09680404322955859
ck_4c6ea04ce8ca9e2c,0.009570736163163618
ck_ca54b32fca7e94cd,0.012619397011722589
ck_4dfd8947f540eb24,0.013907022079933822
ck_95aff1fe27fb24bb,0.0387776153423993
ck_c7550723b90e5615,0.0069334692522445675
ck_57b3fee69bdf85e8,0.010060255835900773
ck_f823407ace7ff064,0.017974995544054944
ck_a69084a068bcc8aa,0.11329808160733501
ck_c7b17f7b24bef5d7,0.06224803215555602
ck_7c4e588f927c27c8,0.0172348405970935
ck_77fdac602d0c6f95,0.237911294294648
ck_e963d8525018d072,0.01491184523229556
ck_6e8ebaea8f7bffaf,0.0007665188160653336
ck_aa42976a31cb7770,0.006539662601606264
ck_22c862a496008c96,0.989912318606149
ck_527550dd15f38782,0.05456238002706376
ck_b3ab3c210e2c7c19,0.013572486902407192
ck_ed9c56fdb9f45ddc,0.06729463811242554
ck_b53281da70defcfa,0.03611636176312211
ck_03009b721568ee98,0.007257128043030229
ck_3d9afd862b3f4053,0.2797937775458519
ck_ad3c4be96599554a,0.03283107821018305
ck_d1c787c27d50af49,0.01833165301171222
ck_c7a9c7b2eef46a99,0.002666891693380505
ck_53036d3c6c74446c,0.12678091570199418
ck_1b1efbd9c0964c8d,0.007533353926566904
ck_d66f42a269d5c1ed,0.010329700312171262
ck_fefc49a2b8ad993e,0.034563967283769474
ck_8b3b874249adece9,0.0848788715518754
ck_193d9c87ad3f1dad,0.0009523573779209717
ck_0c6a50d747593b7b,0.022031593686493232
ck_c830f3830875b47a,0.028856578153115424
ck_79e202f06d8dfe42,0.05144267883444553
ck_5c0fe988b8aa7fcb,0.07445479636865587
ck_a8382d8345f21e1e,0.01633909394483603
ck_8cb20053914692d0,0.11659867237318994
ck_1da2f69023ca4c13,0.0017336578268041377
ck_38abb60995114f8f,0.09669157938093956
ck_f5791fd8fd8fd191,0.06066638116276667
ck_a4e6fc391b674335,0.5744660763329407
ck_bd771efb4a7e15d0,0.010039142867148677
ck_38ba4a6b6a292054,0.05289693187166237
ck_f7a07283345a0dce,0.010558825967845043
ck_87dc484baaf5a23a,0.0011680626084424827
ck_c84ef83489badbfd,0.06232419757815478
ck_a397cd64ec5d644b,0.0034886601950155365
ck_7977135c2ff61e92,0.005597219427230011
ck_52174855b243a8b0,0.11416197561103902
ck_0f35e930d0614613,0.9849251284589569
ck_b170a7db522a0d6f,0.007387535774698704
ck_7af748a23775bd54,0.2342844671621119
ck_52f641c9ee6fda70,0.003451763450538386
ck_c3719a30414bbb4d,0.004548439072550961
ck_2baf214ad6bc0dbf,0.09088749332203525
ck_8b39d8aacfdd72b4,0.0036733492748059152
ck_d39b0152116203be,0.012621698826269125
ck_ed33f8a937f9c7c8,0.02127160127762674
ck_8ef97b55a5fd6ec9,0.00034758877728234723
ck_8247f008a14bd1a2,0.0011475408398797945
ck_f0d349d68249d5db,0.0009643051098352679
ck_a544e766540861fc,0.023663551656823992
ck_9dfaca4c7c80b10d,0.08711707372388738
ck_7e5401c362b2216a,0.0009848183259281152
ck_64ff60c073fdb6db,0.04774366331039001
ck_fc5ea49518e5d637,0.004333738860935574
ck_580f136ced341298,0.003996039206461521
ck_9cbef9bc95449dca,0.0029322956349743237
ck_e475a3b8ba870a7e,0.01701530527757652
ck_97e94708bcf43563,0.01341481953397893
ck_13f03ec785cbdae1,0.0005236567474231213
ck_152820d8817f478c,0.019376117912556796
ck_d20d4ba60eec9945,0.015477772373423264
ck_5c45968a805132e0,0.06816012187564956
ck_bebea2cf3063fb24,0.007285929435807124
ck_c3c69aefe7ea1d2f,0.03560651707835383
ck_02028b72f26fe855,0.008580473042969185
ck_dfadff70a58a9133,0.001463337721552711
ck_6482ed4491bedcaf,0.01400320190626851
ck_754cd7b4a5ae3f94,0.011683462242451906
ck_3132857aec8485bc,0.0006949414238815398
ck_7ce4ca91b8f9f1c1,0.032677848633405115
ck_41938582f4351772,0.0029391398071033615
ck_f87d66946252476c,0.333367567832609
ck_8053f1879a9b4e43,0.0035511294716264615
ck_93892e91387f5103,0.011977745985135744
ck_15254db133b28371,0.017846540748714022
ck_d557b9feb241b3ec,0.0046104964231490865
ck_71c3a8e4c12c989f,0.022534956701388276
ck_80e3041811033443,0.020880818064599432
ck_3380d60067b4634b,0.0009521371958800734
ck_a9c2cdc758df8510,0.05333199659368916
ck_3c0031d7514da17b,0.01802419299199883
ck_18d214b1418be39d,0.002478026828055876
ck_7ce768407fd48321,0.02254931788991837
ck_7a50abd42298133b,0.016492690597770043
ck_2db10f987d137582,0.04014181237948858
ck_e077d004cd1d80ae,0.016488708118720802
ck_1cb6dc67f9a321b5,0.033019962274767785
ck_b864f64101149c35,0.21429192683723333
ck_9bedf54df9418e4a,0.012171144126745198
ck_c47e32c47f0e6578,0.2067070608007046
ck_71f382d5e338daa3,0.005175516418292959
ck_14b4bf7be6ac2b61,0.24163676434091655
ck_5c87eea1cc07cc92,0.02664728009251064
ck_5f445182829ef342,0.05151524614928418
ck_a5d7311291caaa54,0.003452475607888006
ck_b7df99aecef385e6,0.022870593818528632
ck_3327a0582407068b,0.011597786226281936
ck_08dba09fd7dab896,0.04067215078637183
ck_f4ec334be5266378,0.006171259033822291
ck_240f7f894c5a86e7,0.005914345036802949
ck_a9d994554fc14a02,0.00022705803562391526
ck_13648cbd306eee6d,0.004580602136676014
ck_601edf9105b3c321,0.965527935044632
ck_9527adac182abe57,0.13329154373381044
ck_4e0e80f5cc271bf7,0.0011706147219797526
ck_96a89e720176b389,0.08217932814022602
ck_63560eec94b76d2f,0.009523312221802215
ck_c9c99e5b19aeced8,0.0021041611350261337
ck_bc32655ee5ed643e,0.06377163145246278
ck_edccb5a93b741744,0.019807722508859097
ck_f786cbc987b70930,0.0034117423512730733
ck_0e8f26536ccc8947,0.02247604316298266
ck_b87ef4b98cfcec4c,0.0674069325974344
ck_1a9235812de4b2c1,0.019822935629799622
ck_d1ed88ea4211ba4d,0.0040563286586701485
ck_a4ddac49657a4450,0.028180852960950742
ck_d9ffca35188e49d8,0.02323235579354277
ck_3db73bbe03c3d240,0.0010914355714671342
ck_fffa0622344a36ab,0.0017298754000603924
ck_148c28df51bba5e9,0.44203640415968837
ck_076cbc25c8f15fc3,0.7515803184955427
ck_e5ca550b39ed45bf,0.9678457963579156
ck_8dacf3a2061ca17d,0.054218379402804544
ck_2d7394afd61643d0,0.0026185568151735417
ck_e42206e91f6a1752,0.00428845660009033
ck_2f4f94827984c426,0.0019233647571613606
ck_edfe8e90e8f4366e,0.00624306200708084
ck_646b15f753e5e9c6,0.042385024461966854
ck_66600620149c8799,0.0011177820221131868
ck_4ff6fc70bccfba96,0.9044552912351923
ck_41af3729590c2484,0.007582753418311182
ck_920a48ba8c583e96,0.003755735530745357
ck_0253b3e7be021306,0.0021247751053048987
ck_2ae6949246ea2648,0.012040298838413009
ck_db23a5100f338d72,0.011794668315881463
ck_fcb2a559474c3493,0.06712210240624399
ck_0a4d7acd2a53cbbd,0.03228853156786834
ck_c5d62b2b7a6f3bac,0.9332518089327977
ck_cf59f4fc0ea690b2,0.004416457975268849
ck_837be8126bb19250,0.009794776277705163
ck_58955542edee1adc,0.0047513512781461025
ck_1b93381d8eea58d1,0.010492412540599122
ck_97b8e05d62abdc14,0.11910487679124647
ck_71a0d645744302a3,0.005012178799256729
ck_a7b57882ab66b111,0.002168573893702647
ck_65f76421be648549,0.017245060341410302
ck_b53ea8713d32ca7c,0.010939555805655438
ck_991c4c924a1d85ff,0.6061022859372496
ck_8432ccec1a4ec7fd,0.9986477127984391
ck_64c1633297f43788,0.005309873496789907
ck_4291fd9c1161d8e1,0.012633780605651906
ck_5e98ed6391d9f429,0.03923852178552861
ck_c7baebe4549fdbb4,0.024016740619528836
ck_6e67225ba59fa5ae,0.06426357867132997
ck_719602def4d35fe0,0.019655002529209133
ck_bdee7c86f5ebe81f,0.07507289450657322
ck_8de38f8c7f91961f,0.0245020530058852
ck_b0b5bf9254700402,0.00837740598114706
ck_7b55d9bb1a250d4f,0.030229491866374213
ck_3954b7b0fd1d6614,0.0005058415652442361
ck_f29471fe7c818d6a,0.00492881167082434
ck_9e65a8a2f587691a,0.015558956771052434
ck_eaec5f1a83b66eb0,0.4836023605226104
ck_004fe0daecbe2c1a,0.05906943943497103
ck_d17653a4a2d4a79e,0.0517992506884413
ck_0dd417fcbf19e424,0.01908195866514324
ck_4c99a6eadea143e2,0.08789034477623911
ck_74d602c907ee9119,0.0010784040885314032
ck_1aa87cb62acc0ac6,0.014020266746271961
ck_094974d75e29fb2f,0.01715382622656105
ck_5ef935ac3d4d3332,0.018085636223979205
ck_b26e4ae47c9107ed,0.33319790256579507
ck_396cea6f95186ad2,0.07222512279073504
ck_48446a9e8184c7d4,0.001205587957229228
ck_31e1ede23247d56b,0.06565141750551427
ck_7afefa349b960a3e,0.03674366536726875
ck_f5e02a3432571b20,0.06311037689129607
ck_64eefec062592c43,0.00780799550708211
ck_a1201284122c141f,0.06144926786938112
ck_1b34c420a4c85a95,0.017382467909123657
ck_d637a011332ba67a,0.03555230022223444
ck_99c0004d8b7079f8,0.0032796901156358993
ck_948517bad569b40f,0.0986386365483229
ck_a28d6b1601b472a6,0.03837240515819417
ck_a0b4209feb31f5c0,0.9939885027535961
ck_d6d2c1f6dfc455b6,0.3008933341005082
ck_3f9e6d356d3dd3cf,0.0036370969419028927
ck_d08e00c842b75176,0.011380933442055267
ck_bfdd232a7c5f2660,0.037758800625761736
ck_2cdad03ed069438c,0.019374770552717194
ck_42317c3eabd0a285,0.9207202703330206
ck_3eb73e56751c704d,0.062424243178351733
ck_ef33c04f4c9e3758,0.04856657851519395
ck_1dc23dc870f1773d,0.017963289221809634
ck_76091f357974a152,0.011055340702663759
ck_4d9eb75e8eee90fd,0.021691691643796703
ck_578f67e69e5d2cfd,0.006945838855884401
ck_3a8ce1cc724229b8,0.002878615681758848
ck_a96887f841e80fc1,0.057315451884782334
ck_d2d4a8f4a9f2c33f,0.0015211017935351009
ck_11f85bc705dbe036,0.017129102415750448
ck_7429b3f87528e335,0.01679404097776262
ck_26df74feac7ec51d,0.008275563914474579
ck_c78b2638fadd91ab,0.016271539349221095
ck_7eaad325abe3b50c,0.0023491088517307358
ck_fd44e34af620e606,0.01554552462422823
ck_f99738dff854e25f,0.0010108734112126384
ck_1ffbce3a239bb264,0.0016439631517899424
ck_96c7d52ba0a766ef,0.13320326792376577
ck_cb1c00c300af3f9e,0.0077206877697902415
ck_ec3d12848ced99f2,0.01078628072150242
ck_26cfd7c3c6c7bf69,0.01756448646594088
ck_7ae86b5a885affc3,0.029160023826900867
ck_3edaa94d28cd48ea,0.001890678919754707
ck_3209c530c9812e39,0.006221604025631447
ck_ea62ebfc1f04b49a,0.0353545043889163
ck_5fc90b4668ea81bf,0.05558762252075106
ck_95654593cdebd141,0.004365943836821911
ck_958c0bd61820147f,0.05282121626860496
ck_8440ef1386c07194,0.0027473682328220386
ck_8cd1b68dd74b1375,0.07081020731810503
ck_c9eb4df91ff07f2c,0.06002218701011162
ck_c29489366c01fe65,0.8054903782430922
ck_c965fd6bec0f0ecd,0.09518474242890357
ck_84c402b23766e1f2,0.013781984273528563
ck_181f3dae03b87136,0.02072690442536371
ck_022a8ae79eb28cf6,0.9419776536672653
ck_469c17407d17b706,0.02633028207741281
ck_1fcc5843f39148a9,0.00434646903993929
ck_5debd55f361b2ddf,0.001526510818776113
ck_28cb9b03e89263f1,0.002244811460414603
ck_f067470743d3c7a2,0.05428301317246039
ck_d5d225ce41a1a762,0.02784838560954393
ck_15b4840922195ffd,0.01750963731153569
ck_6bcfa37c717f19f1,0.26324144042953035
ck_8d501a0386c66be8,0.03028188345893713
ck_1a9d6190c57ea7e2,0.49005469119570866
ck_c49832eabdac5bb7,0.001279139598177316
ck_b4331140b2e0d4aa,0.005483931259056285
ck_5efbea1befdefe1b,0.14074131287682912
ck_72ff52c4824072ce,0.02142584602383732
ck_ec3715add8bbb6e9,0.0004211489731172322
ck_9822f8ed05335741,0.004249576579506984
ck_c3d7d3d12a1981a3,0.009857029358995475
ck_a115a7919ac5875a,0.08186183080491295
ck_4dd4ed23e0b927b7,0.11768744909620787
ck_4c76efcc1ee6762d,0.032988143929237004
ck_3ad6e7bf452c9b21,0.011894170177004284
ck_dcbab304b55a42c7,0.00707641196082019
ck_24b53090faf722cf,0.005205721368417809
ck_187317383400491d,0.0021849938965629147
ck_e07fd57565c94c28,0.0596501562564875
ck_740e760fdcd27835,0.0008301207334297607
ck_d3796aebda1cfed5,0.7056612314132416
ck_e541967c681cb929,0.02411923790026175
ck_431118050b834dcb,0.0019774819857080995
ck_90f3655f0c8a0074,0.0024241239424952956
ck_13cd943777651aac,0.015166950774138396
ck_66accecabf3901c0,0.029312307143942284
ck_937f0da2306b2eb9,0.008958281954487154
ck_105b0c93573fd5b7,0.9440370478088564
ck_00480407160e0743,0.002227712732074101
ck_e032068be7b77d15,0.08135276714948914
ck_991b7dfd69098320,0.0033554571006324096
ck_37d47cf0f34574a2,0.0035196935683611853
ck_011551a596544f5d,0.0020213258619622416
ck_9acd98f4fe2d474e,0.0741649583103666
ck_7c88d3d377bb61bb,0.07701486566505793
ck_e2374c7136c964fd,0.051577946063862505
ck_2fa8f2577116e9ca,0.1094801933106706
ck_d07c5b0321c685ea,0.27701758443524943
ck_bc736114a31088a7,0.012666573124960516
ck_32bb42f9bff197f8,0.006445017792670622
ck_66267bbad1f1415f,0.998699919564688
ck_19988702ccd79201,0.005912978412859728
ck_f473a03fbcdbc4b0,0.0045682184877996815
ck_e3f1d85fa5d49396,0.01694214297884723
ck_c4402ea6291df271,0.05445818087572169
ck_243bd5ca8c4ae5d0,0.004991262388965156
ck_f271e855925e8d6b,0.6098335788715522
ck_e424148c6f2223df,0.004482302740983476
ck_e4d0a9e1102a58b5,0.016239670850394603
ck_91c2a5fe69b9b1d1,0.005071560797999972
ck_5fd8924732fe403e,0.07206060746736559
ck_9a881d5433126ada,0.006917791208594956
ck_73cab88b29c7845d,0.026701347878615396
ck_5b5dea6476d4e182,0.014609050195046876
ck_ccccb17d2ca6ce94,0.07287825624052116
ck_cd1dc68e441222b1,0.9348760926093169
ck_8312c49b1431a406,0.01328521009329171
ck_25fea39897f2a559,0.011919017654372824
ck_f56200205280bddf,0.052469821281240704
ck_7336611650dcc088,0.004210119998019221
ck_590716322ff147ae,0.04646809016062533
ck_c82364d87875a1a1,0.012624078961685128
ck_fa4b60387d744fc5,0.0036430447091743683
ck_d841eba8906e9a15,0.007787380225018685
ck_d6df562a79b9d0d9,0.015210536937080592
ck_59a14d2564193101,0.0030240551247937672
ck_8530158e3d7f59e7,0.005551938213993167
ck_ac68d707006c12a8,0.005536680081737544
ck_976fac1bb3dd8c58,0.02058802412496816
ck_f854fba8f4adae3d,0.030203157463671707
ck_b98e9c3ec6e7d1e7,0.016803510052319413
ck_803c0b4cf9d4bc1d,0.08449231666651623
ck_76997a33c3ea5107,0.0009815406986663727
ck_f1a9d832b700bda1,0.9739701882513844
ck_2bd96ddb8c323d63,0.9946233753636784
ck_9e5b7acf51b1b743,0.013386937743758374
ck_09169f22194fd6aa,0.02801849251409887
ck_6d69e092f9b0848b,0.01923577483145971
ck_9f83fa5a2d3b9049,0.003919101569811353
ck_57bbb19eecb4b87c,0.0038771102326556977
ck_e0e9cfabb979f428,0.010587877272195196
ck_b1ff9edc51d42f97,0.0026988759007353343
ck_4682fad271d47eb0,0.9513790689390876
ck_ab33fb754c818ae3,0.019434512029267693
ck_b456f62b80e21557,0.0004968400908900985
ck_16340be3f2a7fffd,0.0007033904608069523
ck_ce66831f6611014c,0.019838684016263215
ck_4610a073bb54d1b1,0.03562414884043202
ck_fd038a7d33a9d6e5,0.004118032610789046
ck_c8198cb4c461304f,0.017059749633282533
ck_1e7de58822000dea,0.0019100792918821537
ck_b2a79dd3df560f14,0.08712080948578489
ck_74a06f347b32347f,0.017718968567609836
ck_c6fdb2972417c9bd,0.025557947237452444
ck_d7607a213b800bfb,0.1426597230842348
ck_df65967b8b40319c,0.0028341728704327136
ck_329a73dbd585ee09,0.002645604789975899
ck_74991a9e85c3b07d,0.02730040422381421
ck_bb76609b79e0bc9f,0.005293875625147662
ck_f7fc1bd0b9ab1fa4,0.056456612254016256
ck_d111c98b36bdb791,0.002973550073393571
ck_f07e27d125497b66,0.08514298137722379
ck_093e3a7134e11d6b,0.0022328008726988247
ck_862c7953bdea48b0,0.02709660104217243
ck_392cf2cdd515c34d,0.015044844335045238
ck_80eb91b0b4001084,0.16371727622880333
ck_5923f53b77193a58,0.050027087341989566
ck_8049f5fce32be185,0.7117417386803806
ck_ebc5a2c6cf88e252,0.018022497805128285
ck_9ea5872f14cce338,0.02793349313078855
ck_f7fbc95ebf584379,0.0037831778451483827
ck_bafe82c870356706,0.9713722471261038
ck_278b36c5932d9bff,0.003875211963237111
ck_6a892dd5d05c1649,0.006634303331171809
ck_0734fd90b2cabd43,0.006002142639993398
ck_9b552204498b6762,0.014963783421045195
ck_f6c909c205767956,0.03307227687664859
ck_32f590e87bc3d715,0.0011753686634312231
ck_66a8325f28be7562,0.00250471696984185
ck_b129261da9c3c3c9,0.004329346703546952
ck_a524071c51ddde20,0.010879576578096897
ck_ba576d6d4cb6130b,0.12252595555620592
ck_8d8226520722af78,0.09753541027694218
ck_c5b0f0d4f1655a20,0.03935079713137441
ck_61814ae9b6d8eab1,0.002777536421972799
ck_382ebf136f7fa337,0.14078843620307305
ck_423ff4ede6a9f066,0.007619498222170042
ck_546ad962d04b7de4,0.46238980145481245
ck_9473ea4a01c95f9a,0.04858839562425311
ck_9eb1da8cd35a50ce,0.012487324219905564
ck_de5eaa2cdbcb67ff,0.11118945183513257
ck_537cc97d0398c922,0.2258941555784989
ck_998475a2e4dfad4e,0.009061935685613443
ck_e62eb708d2688fae,0.0071575353508422064
ck_ea623358f704daa7,0.10771090620875381
ck_b911a09f328dfd4b,0.0034087418801125027
ck_4b3506b624e5193c,0.05540846570767099
ck_448456f96788713b,0.016567581098181332
ck_5d5ef9e75f65d076,0.011919867453895297
ck_3b74512f774a6e5a,0.0053941236217143395
ck_a032e8ac1507c6df,0.38473195946084776
ck_7e2d6b22a0ae20c2,0.19924485567988154
ck_d80283209c963f11,0.0176233127214156
ck_d1157eade2ac3975,0.052417073555042666
ck_be48f583f79427f7,0.03508403179432756
ck_0027b5d4107d65d8,0.47323370526020553
ck_94fff69584dd3b2a,0.05244823961068667
ck_75fcda73f0b43557,0.0060849315338511465
ck_a1c78972e4ee4082,0.01285921861722154
ck_f0982bbdbd122f91,0.00362747874399439
ck_3199b471575aeb3a,0.004501944936910929
ck_7fa947a0b1c1cf74,0.11698791897539251
ck_a60c618b7f0e4252,0.011110915752621547
ck_722ac47c8ac9b6c3,0.13420590411323258
ck_d44dc3839a195c8a,0.08089132476256572
ck_a2c3e82fab520483,0.009384316821424096
ck_6f8ae0319c07cafe,0.006539437860754688
ck_49886ff1e2c759d6,0.016335464624555422
ck_150a1108f936e6b0,0.008805974836859862
ck_e21f9f96f597695b,0.05533507780781127
ck_7297bff2b7fdcbc8,0.0008024164244202351
ck_ee949c71f4f702eb,0.6767817925305092
ck_6fc37dea4b4f35c6,0.3147110682205343
ck_e76257caa98dc25d,0.809024273529993
ck_828eef2334e17b3a,0.010489710904777926
ck_604e1b8a8c693aa7,0.012176236357313722
ck_7743c9fe037d1f9e,0.004247878211624689
ck_864a11202e19e812,0.0702899036212257
ck_4ec040b9e3785e4a,0.009007065085218029
ck_7346e4f820d9c00a,0.8857854302292407
ck_48d4d63beb26b623,0.0074991742329510724
ck_c423aa6de3ed1e01,0.007950094074448055
ck_d74b2ead8aaa3f73,0.02139311811947254
ck_1dd69a11daa7bf1a,0.1082696187157962
ck_d9143e236eef177f,0.006246319418226828
ck_f790d91e5ff0eccd,0.3857024652050718
ck_69b5620e00ef5dec,0.0013252982394896615
ck_cd32e58e8a1c0e85,0.0603644393690613
ck_064013b0957d87a5,0.9829359096449685
ck_a481385c2e60dc4a,0.004704572287796765
ck_d72035cb29db3aa4,0.030268463695014167
ck_3759939a0205306d,0.040521516351390306
ck_f437a53fc832ec95,0.9333489684787254
ck_260ef2f3e6434819,0.032252938394287764
ck_35e411b05d22f663,0.14308713496457778
ck_8bf46e472f3e20de,0.3917240261549273
ck_d546994fc5d3e9d1,0.003195341622204247
ck_6ff0fc7487e737e7,0.06721332392329905
ck_5c67f27816ae0b6f,0.002309819382982314
ck_c5517923458106ae,0.0118590308163359
ck_d9735647a6b0b0a7,0.2880582832615715
ck_541a734fc457246f,0.10113572519597876
ck_2f6a639468f41043,0.014102254623037842
ck_bea2cf7a6b7bb900,0.009141337426809016
ck_7eebd0e6ad6c070e,0.015799438670014147
ck_b64c87d5e3b10e6a,0.733000048933157
ck_9dd7daacb7833233,0.02166383247865789
ck_396e9ea9a6c6d7d9,0.004694059979046625
ck_1645e6cc53fa99ff,0.02848881729400764
ck_ea2a83ccb8d57490,0.0024194348007020327
ck_e64f0df63e1be595,0.02538000472370419
ck_fa0b234481cb57d3,0.023873208211674095
ck_63379e3c9fe6f711,0.02020372822852255
ck_c67f7944896a0310,0.019364861235632
ck_c10e54c9db29e6ef,0.993747367725396
ck_7184ad7709ae4c80,0.019213487602217007
ck_f8b6069d7577fde6,0.0013156916591488647
ck_18444be153bac1ca,0.7379780079861716
ck_d0982b4e0e118e4d,0.017711585046454505
ck_6faf3e6820398866,0.03632877703193053
ck_97e980463aca4644,0.0028631340886030197
ck_630c835243c66b19,0.8256556758271403
ck_fe429ba3e1aa0e4f,0.00795740065775099
ck_1058129ed7b48c59,0.02148343619379432
ck_04a1a46f07885296,0.016743314453435455
ck_f01e94331067edf6,0.010786758362909698
ck_77b2fb17c29f5e72,0.0639853675043993
ck_4f0c5857da45fb28,0.038120221652327466
ck_2cfb9a7775e8a5bc,0.9882866816212619
ck_6846100e43659bf3,0.002321625161001812
ck_f89719a854fe11d7,0.03761333640979433
ck_bf47375e41ca3bc0,0.0016561230368085478
ck_2770b0400a7bef08,0.07029398517466552
ck_2a09d142de1c77ff,0.0038022893659747374
ck_857a1f5547b9ad68,0.010984280268799919
ck_185f15b1523bbcf4,0.0011563520910223286
ck_ab2aed614ec1cdf8,0.012807428741029022
ck_a9e7f3b2d5dfd97b,0.005612641979161906
ck_0eeb3d9b3e697edb,0.011495425859764584
ck_fa5830d81bc8ddc1,0.003824252914240709
ck_231ae0329ebc3220,0.0012226144044991242
ck_1587763dd54688c9,0.001367256353996409
ck_9f85fea4490c00cf,0.029201946933624646
ck_a2d709e7eb91e4af,0.032910454971254895
ck_43637d28c7216453,0.004830602248337419
ck_f3ab5dd853d38252,0.007653845571476537
ck_4a1f0172d3bf4fd3,0.0014161396387475783
ck_517620ca16505af0,0.009489163028988062
ck_9ae904fbef56065c,0.002690575590829192
ck_d5ef1f6e34bb35b8,0.10299537275319796
ck_ff42557857ae3aeb,0.0011669275233684988
ck_ad9a18f58589faa7,0.00411701335280379
ck_df1a6edaa3e6b271,0.0036311286599882346
ck_99021fe7225b5a68,0.01767050896229812
ck_99e52c3c2530b69e,0.9887961025473108
ck_3a4811dc4a1a891d,0.0019808124059049422
ck_ba3a6be026c87079,0.018286563735184377
ck_da6d1e5cf6aba6fd,0.019786656796637957
ck_ddc7c1f3d45fe6e6,0.029357540354615994
ck_e1b1e7a7e4a15b3e,0.017347755140076616
ck_8288f7f226e08b89,0.010654274263831736
ck_c4524993ec31dbe5,0.003678829264907949
ck_8b19bb5b23b6741c,0.016616869625624343
ck_d21b38231a8a9f4a,0.02767284397128467
ck_3f730318a9792292,0.025260689324280803
ck_a4db6e94a8f77f9d,0.04964213649800513
ck_a8cac8d480306839,0.002569908089306307
ck_5472214011fbc2a7,0.011476900286387495
ck_7356f47dbbbe7904,0.00490845695420192
ck_16801e628e883d78,0.006394462115330388
ck_0dc1e536231c4860,0.005181518343574581
ck_7cd0634a6e60af83,0.0018815119067139845
ck_ef6f8e048ae1bd4b,0.0048725805302110466
ck_82f3f744209888ac,0.03403614075882897
ck_f33188c232a03526,0.17059202168562101
ck_4a59f4e10bf45d7f,0.0013670719207126347
ck_d96c893721385e4e,0.0018227553982378994
ck_f65ab819373edb37,0.03615740812180181
ck_21cac21fc10b7768,0.012502742869161717
ck_139b54e6ccbdd7da,0.09024862214953504
ck_d6f5c8741697abb3,0.0211916814250436
ck_a28d9bb5590d458f,0.11589522685238252
ck_ed26d906883bea0a,0.005581539316020292
ck_227602ad072b838b,0.0006748999865069415
ck_39d5f6c17c745ab1,0.0009730573943933224
ck_744eade757ba69b5,0.021414679154679095
ck_c1295d97cdf35ec2,0.002772772859578614
ck_69105f881da3c821,0.024572139257033585
ck_933789b55361d7c1,0.8586245783816125
ck_b667952253503174,0.007198344916823593
ck_7bf668e25abeeb05,0.002863787815462492
ck_91742711dfdffd56,0.026618083911986255
ck_af32a0660090dd68,0.028676589352400028
ck_2122f201e65f76ee,0.023805860670064544
ck_f48acb73a5d6af07,0.03063089356576392
ck_337c5684510cf432,0.09944217426625698
ck_f7bde7265053364d,0.022565293751881408
ck_c190c7b924edba75,0.0840302621177982
ck_044fa3b3a003f0b5,0.02657210682726753
ck_87eb43e3b9d96169,0.05109280923307163
ck_2d3d6c9364362017,0.0007359423131696707
ck_ac55dc6cbcdf8228,0.006745838242637288
ck_61d7b0568ec5d6cf,0.01841616823655457
ck_89c74feeaffa7d09,0.0038672615387362226
ck_93776b0c113f41f0,0.06126048856629772
ck_15e0b679931f7a8d,0.023442283971614984
ck_77b56c49cfdb1d81,0.048156905645118674
ck_73188a826b5f499f,0.014288969504196034
ck_4f463ef25325ddfa,0.395585369904134
ck_863db2e394dc47d1,0.8165345624717327
ck_d52432ed597f3cc9,0.0033565299012845036
ck_04fb61e5739642f8,0.33223426808070505
ck_2e481d75d110c06d,0.4345569854317019
ck_3fa1a523d77cd619,0.015787168139890496
ck_466dc6274fecd708,0.0048470743573061125
ck_e1790b3aa2241b10,0.9522415571338176
ck_84ad096a46e1a960,0.0737549809888524
ck_3be72c9c178fa00d,0.02726258776682052
ck_5a17c89219d1d9fe,0.004114194424725499
ck_4f639f4ee6ce8d9e,0.15849457406283196
ck_f4ec4a935e51b4db,0.03531453820348348
ck_f04040a830f92bac,0.023912515588320422
ck_3e4d02a04be2aaf8,0.00931606878031727
ck_4d1baef193cfb900,0.08637490388233687
ck_0fb3153d37626b75,0.0019228813714289219
ck_88ec57a11b11f702,0.9054270085104806
ck_dca9dc465f759db4,0.0035347716497859875
ck_64f5fba6af67e024,0.009419980451490968
ck_896096cb167254ef,0.06079600294994887
ck_7878679065876b98,0.05075062393821725
ck_fe8e5a6c880ceb4e,0.00404258481233818
ck_a5e036327d3d1862,0.0008066093174761537
ck_310f73940fc4cf4f,0.008944218062587715
ck_46a8db16ad00b749,0.029336560489693624
ck_0d33977c3de8cfaf,0.9887592160652572
ck_c6fff412f531db0f,0.0010660243300279822
ck_bac6dadf428eaea9,0.03194242092739534
ck_1b96d9af0d7da2d5,0.007759788619312926
ck_fa8a4a9e77799fcc,0.0014974707073135262
ck_0bf48607a874b4d1,0.003118682962159907
ck_eeb75f8a6439f65e,0.07751181593270573
ck_a209a5f7d172125e,0.028705564169486664
ck_8f346b72fb40bf14,0.005600652353360959
ck_bccbf9fef367f00f,0.04859552263575713
ck_2d1548f1ee405cc9,0.003225606029227004
ck_e8298ff2dc1e9d50,0.003902010091737649
ck_77c0fb524edb4a94,0.02869870236308763
ck_28ac4c5134cb8e77,0.057005320302453304
ck_db23a0e3e54be60c,0.7047335094117925
ck_a059d00cee5cee99,0.008093240266595886
ck_3e9e3bba8bd363af,0.004107882916321615
ck_0428728df24cdab4,0.006697955638686564
ck_88cd35378075c84f,0.00042150032203717075
ck_0174d76398d9dc0f,0.00965913558905399
ck_3f1287e6c27de0dc,0.009519900716180387
ck_ff822700f3605e06,0.998912499906967
ck_4563227b2038ae07,0.1288702900093325
ck_788e78065526ee19,0.022213515436218297
ck_8a16eb584093b12f,0.002963467672593539
ck_cc276f71ab6c08fd,0.0585670511311475
ck_d61d97b21002f3e9,0.05016166458887358
ck_4b2e87d86a5e415c,0.04295029683673925
ck_3e6f35e4500d2f2a,0.0011010478443765905
ck_3acdb083e0d8ad61,0.0007769346697688082
ck_cd655202db489010,0.007867557708691379
ck_829cbf5ccda481ae,0.004397046503556911
ck_f5882e6f98b8b4cd,0.001381016552318105
ck_767947540b234add,0.060054573527734044
ck_a6e8e8f535b1f1d1,0.04654812109934943
ck_58412a2674fea506,0.010054950445326947
ck_fae7e518a585fa61,0.09843347284074526
ck_9c60ae6958d68dbd,0.5525891921867973
ck_328696b8f5e54ec6,0.11279865645147742
ck_7df3f8f4f1068d62,0.0023858016292271815
ck_cfadd21458230ef7,0.04531034375016251
ck_7048bedd554c703b,0.002886536373763251
ck_50422466f145bfd7,0.00344895034805076
ck_61e1f7168cd9ff25,0.03616494145713422
ck_733aff0f56f5b3c9,0.12399610617954718
ck_e14892e424180549,0.0019030635272351147
ck_03f6664a96de7d0f,0.023494508791750027
ck_b7f4baa2cc82fe61,0.005998097312020267
ck_1e51199a075ca0fa,0.010068100646737863
ck_0e70516fa07cfb17,0.6582904177380132
ck_0f37c554a5057801,0.8666906864324616
ck_5576b725de38d106,0.025163182337491215
ck_82f360df1e9f4eb8,0.08921001939436475
ck_395f3bd4aacd7ca6,0.02874981057095866
ck_5e8e857b63966609,0.12777774368313397
ck_93470896f0804b6b,0.977513909434407
ck_3be854e42e76569a,0.0040791449439117975
ck_0567302c57a2417e,0.08798471277309107
ck_ee535461b5f05539,0.26031989116874066
ck_94a096c36162a153,0.02178778645801756
ck_dfc8f5c141fd7c63,0.010533935487881136
ck_98b34f2d704c1c2a,0.02080841181841588
ck_96dff7a09d45f116,0.06425497809825545
ck_79557434c129ba52,0.002088823341423379
ck_4596624a7c01d501,0.014904637143554464
ck_04e89fbd739243fa,0.001480552288360982
ck_6149ffaf18872dc8,0.0020771735889609884
ck_cd78f0832a09bd8f,0.8177744963287713
ck_7e29c10d781c3b41,0.004802773948968002
ck_1f7ee7b23fc6f2f4,0.003107585913808706
ck_c49b685d2b3ab89a,0.018619899156430374
ck_84569a8fc50e73ac,0.06423609688364433
ck_b92b11d205af91eb,0.0018983290744638754
ck_06280e6d6d2485b0,0.003139167795991661
ck_3c08546dd0c92863,0.015931149953770624
ck_99d3983f907828bf,0.005565983973496452
ck_eccfd552aa652d3c,0.03197539207892368
ck_0cff8153881875ba,0.017170815054350332
ck_c1aebbeca6ab5ff9,0.007757193214835174
ck_538fdbbb3c2bcbbb,0.04003568507017323
ck_8c0210322733c718,0.003136230361769629
ck_0b0c93039f987abc,0.02801976449143551
ck_6d07d6d1bd227d37,0.4272874490892748
ck_9b6ee35e8cd0b11c,0.0042063093030608074
ck_d838491d3d4f5ecf,0.0018215175389123801
ck_0593ae243a9ebee9,0.02958456901559924
ck_ef261fc09be8eb0b,0.0014508423477420436
ck_d0935b571a4a3868,0.019518261624126183
ck_97d04a67a104af39,0.03571925269081499
ck_e25f70d0b7229420,0.007829237966728946
ck_9b71274ff83de482,0.9592709564375155
ck_6de2aa2bb60978d3,0.0215089146604444
ck_eda55c8fb47593d7,0.012660043954466496
ck_924e572517515f19,0.8322313655485677
ck_d6f27eacbad310f4,0.011092334753025233
ck_8550f229b5eb03ab,0.0055038608095367165
ck_e3e95546a84d0ed8,0.09805470102237168
ck_3135c019696ee6af,0.961338948302758
ck_41ba315d8fccb559,0.004503378881656701
ck_72b86e4485da2d0f,0.9280073136465807
ck_daaa995f3c2f0e47,0.03213109346486564
ck_053746067839696b,0.04866680045596907
ck_a15fe7d0f4b65c33,0.7800640578054193
ck_15de11438732bb05,0.03231895102312725
ck_2c4d25acbe3fabd9,0.007342625744763498
ck_7f08078908599bd2,0.059399093611026764
ck_e794741742fb2619,0.1007250802472675
ck_238e53b6dee8c301,0.00028361487440668677
ck_53a6a33060d5c8b8,0.006327363038313524
ck_0e0919292ad33472,0.32823352275307677
ck_d86ccf148c06c8c8,0.041235543417692484
ck_c881f26c9bf9ae42,0.4038796849305737
ck_4b0947bf94e9d847,0.009027446231661818
ck_e10ff5c38bd18470,0.052064266659399464
ck_b60de9e97aad9e45,0.20340227254888696
ck_190bc849e5ff5401,0.11212740827242038
ck_e7be077aa0b2632c,0.013437391209754635
ck_a51abde881ebeff3,0.01914737748565153
ck_2208392a9f6bd249,0.04972926912494793
ck_0259da8f109017e9,0.0028073119051254753
ck_05e01ab9c95449da,0.0695772492860577
ck_c82897ebffb6ae66,0.015412757506448983
ck_b4a6bb4689cd7cfa,0.0278303657797179
ck_9e21ea33018ce538,0.012515677605478986
ck_caa348f0e65db062,0.8964606058556944
ck_a964e6b5d8415334,0.41990236021190736
ck_510bfbbee37ff436,0.008262212349139413
ck_9741a82faf5c7889,0.02152515704700868
ck_e7f61b4a39ba98ac,0.002041864402840779
ck_069d158665a53909,0.009755829491094714
ck_6426427efe3228af,0.021162788921135864
ck_ab4a8d02ec3c0fd7,0.001192114092983957
ck_aefa0d8d933e0eca,0.07506725147431159
ck_232325ef6bce92f1,0.024830072394515235
ck_14e58c3fb26a2b4d,0.01930662231222442
ck_06e73afdec26aecc,0.28154112987901175
ck_3168f4f2778d64e1,0.015860750473163963
ck_ff3998d6858daa21,0.0008187433495185438
ck_bccff46fb0868454,0.0964751154356335
ck_c7d444d90fa86d7c,0.14051312601897165
ck_f0bc3bdee6bfbb94,0.03637205301246315
ck_f7112818a6d81422,0.07035219390102755
ck_aca35dbcb835ad02,0.04333685429009036
ck_f637fabf0f60528f,0.004093365501270123
ck_53d17ab97de1ac3e,0.004853047209819005
ck_c8c1bf16d9113493,0.026856102666537995
ck_e842fb0cf055a83b,0.0401588580358712
ck_93c0cb3dac4891fe,0.010460861958693533
ck_0c1f088e17e46daf,0.020294640309604216
ck_8f4b384955bf57c9,0.004309163643784712
ck_09cd5c4df1e81ac2,0.15670724862679486
ck_1e832a5b2342554f,0.04652776607960408
ck_2cb763a881aee27f,0.006100010137304783
ck_5875828b11406398,0.007266684877232004
ck_48e84b0cb0b90fa7,0.015265022202334754
ck_833688de8629c5c0,0.0017644358805498277
ck_117d78ccd5820f36,0.02061995107727342
ck_668ec61c4c39cae3,0.0012243909000700171
ck_73a7794b659d7a34,0.006024722924785657
ck_10f90d879209734f,0.03928438383964475
ck_d1d079913aa158bf,0.003051980399904395
ck_01c631b38e8a9535,0.016891910291557843
ck_f6923088c17a04e2,0.04219860530801637
ck_b447badc9138987d,0.0020189935879616904
ck_8b772caed8f1541c,0.002860775326463753
ck_5403c76fe68a08ba,0.08843151623882835
ck_3e6833574edf1736,0.001884113331312146
ck_e527fbb9450a4581,0.8312806373804013
ck_cc90e219f1ebf390,0.001127938130785528
